N,perturbation_type,lambda_base,lambda_mult,p_const,lambda_actual,lambda_rounded,TP_mean,FP_mean,FN_mean,TN_mean,recall_mean,precision_mean,f1_mean,mcc_mean,n_predicted_mean,n_true_mean,runtime_mean,TP_sd,FP_sd,FN_sd,TN_sd,recall_sd,precision_sd,f1_sd,mcc_sd,n_predicted_sd,runtime_sd,n_runs,predicted_ratio,tp_fn_tradeoff
10,const_high,0.602781294882297,NA,0.85,0.85,0.85,16.88,0.02,0.12,27.98,0.9929411764705882,0.9988888888888888,0.9957922077922078,0.9934785706493074,16.9,17,0.8114421415328978,0.32826072265931594,0.1414213562373095,0.32826072265931594,0.1414213562373095,0.01930945427407752,0.007856742013183928,0.010537292996192323,0.016327906464121425,0.3642156795423418,0.24397397316294725,50,0.9941176470588234,16.759999999999998
10,const_high,0.602781294882297,NA,0.9,0.9,0.9,17,0.02,0,27.98,1,0.9988888888888888,0.9994285714285714,0.9990862703084106,17.02,17,0.9136092281341546,0,0.1414213562373095,0,0.1414213562373095,0,0.007856742013183928,0.004040610178208907,0.006461044610943856,0.1414213562373095,0.25058206734051197,50,1.0011764705882353,17
10,const_high,0.602781294882297,NA,0.95,0.95,0.95,17,0,0,28,1,1,1,1,17,17,0.866336674690247,0,0,0,0,0,0,0,0,0,0.26343122700397603,50,1,17
10,const_low,0.602781294882297,NA,0.01,0.01,0.01,11.04,0.12,5.96,27.88,0.6494117647058825,0.9921568627450981,0.7816679799803534,0.7256037420745045,11.16,17,0.7579651641845704,1.3241863115721677,0.47979587496419046,1.3241863115721677,0.47979587496419046,0.07789331244542173,0.030769522409769354,0.0500246799775995,0.05217597181485618,1.6081425462251757,0.22727311578813983,50,0.6564705882352941,5.079999999999999
10,const_low,0.602781294882297,NA,0.03,0.03,0.03,10.28,0.16,6.72,27.84,0.6047058823529412,0.9886163003663003,0.7464202975082843,0.6894433152958599,10.44,17,0.7570163917541503,1.340727795045722,0.5095015571464859,1.340727795045722,0.5095015571464859,0.07886634088504256,0.03441326068729626,0.05490532615924603,0.05047773362168238,1.66794508792302,0.23676441018709135,50,0.6141176470588235,3.5599999999999996
10,const_low,0.602781294882297,NA,0.05,0.05,0.05,9.08,0.02,7.92,27.98,0.5341176470588236,0.9981818181818182,0.6927363586826855,0.6435209368699305,9.1,17,0.8223340892791752,1.2751950631097941,0.1414213562373095,1.2751950631097941,0.1414213562373095,0.07501147430057613,0.012856486930664521,0.06357801334901818,0.05679336875944922,1.2975644374703537,0.21190572001665445,50,0.5352941176470588,1.1600000000000001
10,lambda_double,0.602781294882297,2,NA,0.29952344328024094,0.3,12.16,0.06,4.84,27.94,0.7152941176470589,0.9959663865546219,0.82882080074135,0.7781346883220633,12.22,17,5.620389633178711,1.6333263917664516,0.23989793748209523,1.6333263917664516,0.23989793748209523,0.09607802304508531,0.016194473341596904,0.06252785815801587,0.07005838510100824,1.717734625865695,1.0988707982825434,50,0.71882352941176475,7.32
10,lambda_double,0.602781294882297,3,NA,0.16392539148378585,0.164,12.16,0.04,4.84,27.96,0.715294117647059,0.9977777777777778,0.8284134686328793,0.7795920839260381,12.2,17,5.177143225669861,1.86656948240698,0.282842712474619,1.86656948240698,0.282842712474619,0.10979820484746937,0.015713484026367713,0.07007569668656051,0.08011655334425435,1.9691498217271746,0.9992525411406764,50,0.7176470588235294,7.32
10,lambda_double,0.602781294882297,4,NA,0.08971429307445172,0.09,12.16,0.14,4.84,27.86,0.7152941176470591,0.9919780701754386,0.8267038569925114,0.7748374215516549,12.3,17,1.7219723463058472,1.6457738084473907,0.45220547975269754,1.6457738084473907,0.45220547975269754,0.09681022402631702,0.02541314046818907,0.05325771264008775,0.059752419990339485,2.002549395553741,1.729734259615838,50,0.723529411764706,7.32
10,lambda_half,0.602781294882297,0.25,NA,0.8601097137697734,0.86,16.9,0.02,0.1,27.98,0.9941176470588236,0.9988888888888888,0.9963982683982684,0.994413187259158,16.92,17,6.086734266281129,0.30304576336566325,0.1414213562373095,0.30304576336566325,0.1414213562373095,0.017826221374450883,0.007856742013183928,0.009855146000428633,0.015283366732800637,0.3404678653660853,1.1682547684717541,50,0.9952941176470589,16.799999999999997
10,lambda_half,0.602781294882297,0.33,NA,0.8196172407183209,0.82,16.7,0.02,0.3,27.98,0.9823529411764705,0.9988888888888888,0.9902997835497837,0.9850859586398144,16.72,17,3.0465890169143686,0.5050762722761054,0.1414213562373095,0.5050762722761054,0.1414213562373095,0.029710368957418062,0.007856742013183928,0.015620123051896142,0.023867758950220284,0.5360475154083919,1.5991270882275521,50,0.9835294117647058,16.4
10,lambda_half,0.602781294882297,0.5,NA,0.7397887197211216,0.74,15.46,0.16,1.54,27.84,0.9094117647058824,0.9907679738562091,0.9472138729392051,0.9212264654489446,15.62,17,4.443735227584839,0.9082389328715619,0.42185208743524,0.9082389328715619,0.42185208743524,0.05342581958067995,0.024166147070779187,0.028741098128695464,0.0407675572013054,1.104536101718726,1.301391008409486,50,0.9188235294117647,13.920000000000002
20,const_high,0.339363564550877,NA,0.85,0.85,0.85,33.36,0.08,3.64,152.92,0.9016216216216217,0.9976965452847806,0.9470950717873516,0.9370248914725343,33.44,37,1.8801680946350094,0.7216760537322908,0.27404751561786966,0.7216760537322908,0.27404751561786966,0.019504758208980805,0.007893086737266877,0.010720663806574712,0.012471528643983786,0.8121525944886797,0.6233676500243254,50,0.9037837837837838,29.72
20,const_high,0.339363564550877,NA,0.9,0.9,0.9,34.58,0.04,2.42,152.96,0.9345945945945947,0.9989181286549708,0.9654652101344748,0.9584794296459195,34.62,37,1.9717370414733881,0.991597350804473,0.1979486637221574,0.991597350804473,0.1979486637221574,0.026799928400120885,0.005355911160377782,0.013716767551513808,0.016149326751598574,1.0669429914193052,0.6585808437965015,50,0.9356756756756756,32.16
20,const_high,0.339363564550877,NA,0.95,0.95,0.95,35.44,0.02,1.56,152.98,0.9578378378378379,0.9994594594594595,0.9781035308895621,0.9733871808204672,35.46,37,1.82844633102417,0.7045044574821687,0.1414213562373095,0.7045044574821687,0.1414213562373095,0.019040661013031566,0.0038221988172245738,0.009913032925524966,0.011865280306756465,0.7342912729083656,0.6613388604877296,50,0.9583783783783784,33.879999999999995
20,const_low,0.339363564550877,NA,0.01,0.01,0.01,20.46,0.02,16.54,152.98,0.5529729729729733,0.9991666666666666,0.7091724258724985,0.7049608679240444,20.48,37,1.9283288383483888,2.7196188208299055,0.1414213562373095,2.7196188208299055,0.1414213562373095,0.07350321137378127,0.005892556509887938,0.05858146530716005,0.05155027000211362,2.7422618401604177,0.6237746977126601,50,0.5535135135135135,3.9200000000000017
20,const_low,0.339363564550877,NA,0.03,0.03,0.03,18.16,0.08,18.84,152.92,0.49081081081081085,0.9962608695652174,0.65632784567531,0.658743210948781,18.24,37,1.7171130800247192,1.6333263917664516,0.27404751561786966,1.6333263917664516,0.27404751561786966,0.044143956534228666,0.012842581846777699,0.03827677742756098,0.030793526034958944,1.767738091229488,0.6190892934924864,50,0.49297297297297293,-0.6799999999999997
20,const_low,0.339363564550877,NA,0.05,0.05,0.05,16.66,0.08,20.34,152.92,0.45027027027027,0.9959082125603864,0.6184495384225392,0.6277941456020325,16.74,37,2.00391936302185,1.8251083277885907,0.27404751561786966,1.8251083277885907,0.27404751561786966,0.0493272521023945,0.014088685902036555,0.04563450439401382,0.03623527716145964,1.9358065344386846,0.6488811633380069,50,0.45243243243243236,-3.6799999999999997
20,lambda_double,0.339363564550877,2,NA,0.5072622609764248,0.507,22.22,0.32,14.78,152.68,0.6005405405405407,0.987747623468763,0.7433549768572596,0.7323963857362018,22.54,37,1.8877167129516603,2.9436198734183856,0.7125693664765672,2.9436198734183856,0.7125693664765672,0.07955729387617277,0.026184237795604203,0.060100330248768694,0.0525787061942704,3.2776920700582064,0.6100151668495207,50,0.6091891891891892,7.4399999999999995
20,lambda_double,0.339363564550877,3,NA,0.3612840840652303,0.361,22.22,0.02,14.78,152.98,0.6005405405405408,0.9992592592592593,0.7481650221077755,0.7389149755143962,22.24,37,1.7611199903488162,2.4183819856613695,0.1414213562373095,2.4183819856613695,0.1414213562373095,0.06536167528814514,0.005237828008789233,0.04964830975218829,0.04474501814937247,2.4541510024562756,0.6235622025376447,50,0.601081081081081,7.4399999999999995
20,lambda_double,0.339363564550877,4,NA,0.25731500141091446,0.257,21.84,0.02,15.16,152.98,0.5902702702702707,0.9993333333333333,0.7394505962568018,0.7315292751220456,21.86,37,2.0196977424621583,2.787435365773949,0.1414213562373095,2.787435365773949,0.1414213562373095,0.07533609096686344,0.004714045207910269,0.056338823891860616,0.05108350058555742,2.8428930363850364,0.686646541310383,50,0.5908108108108108,6.68
20,lambda_half,0.339363564550877,0.25,NA,0.9186584394729946,0.919,35.06,0,1.94,153,0.9475675675675677,1,0.9729406852071331,0.9672907047316189,35.06,37,1.9641083145141602,0.8429781995389675,0,0.8429781995389675,0,0.022783194582134243,0,0.011978540580567729,0.014255002469707944,0.8429781995389675,0.6980444430509855,50,0.9475675675675677,33.120000000000005
20,lambda_half,0.339363564550877,0.33,NA,0.8940532191750958,0.894,34.5,0.02,2.5,152.98,0.9324324324324325,0.9994285714285714,0.9645658670439684,0.9574444250352934,34.52,37,2.4772959470748894,1.0151907431108496,0.1414213562373095,1.0151907431108496,0.1414213562373095,0.027437587651644578,0.004040610178208907,0.014846327510373082,0.017545707524181442,1.014989695333235,0.7347087561489214,50,0.9329729729729731,32
20,lambda_half,0.339363564550877,0.5,NA,0.8439333284149577,0.844,30.78,0.44,6.22,152.56,0.831891891891892,0.9869112006483922,0.9015617107088051,0.8860720788669256,31.22,37,2.261429719924927,1.9824742322745719,0.8121525944886797,1.9824742322745719,0.8121525944886797,0.05358038465606945,0.024176681994541923,0.030960163901815843,0.03359783541626256,2.3412015055940656,0.6840522958806075,50,0.8437837837837837,24.560000000000002
30,const_high,0.236544761955738,NA,0.85,0.85,0.85,50.42,0.14,6.58,377.86,0.8845614035087719,0.9974463129463129,0.9374361093410848,0.930957471128847,50.56,57,4.070982990264893,1.0896545043157075,0.5349041493385445,1.0896545043157075,0.5349041493385445,0.01911674568974924,0.00966680005692725,0.008983285315776966,0.009455393336383518,1.4591023239775662,1.134020626934632,50,0.8870175438596491,43.84
30,const_high,0.236544761955738,NA,0.9,0.9,0.9,51.7,0,5.3,378,0.9070175438596492,1,0.9511737402247559,0.9457444402792867,51.7,57,4.280661330223084,0.8864052604279183,0,0.8864052604279183,0,0.01555096948119171,0,0.008535776687225072,0.009195834783688007,0.8864052604279183,1.355435481528105,50,0.9070175438596492,46.400000000000006
30,const_high,0.236544761955738,NA,0.95,0.95,0.95,52.82,0,4.18,378,0.9266666666666669,1,0.9618634345367721,0.9573318972264141,52.82,57,3.9007537317275998,0.9409070742900063,0,0.9409070742900063,0,0.01650714165421069,0,0.008847901118092031,0.00969035151113383,0.9409070742900063,1.217072436148056,50,0.9266666666666666,48.64
30,const_low,0.236544761955738,NA,0.01,0.01,0.01,29.98,0.02,27.02,377.98,0.5259649122807017,0.9995121951219512,0.6869859319000233,0.6993567216318408,30,57,4.084339199066163,3.6336859343355137,0.1414213562373095,3.6336859343355137,0.1414213562373095,0.06374887604097389,0.0034493013716416984,0.05337263006167639,0.044585766745509424,3.6922422809485957,1.2991092163272902,50,0.5263157894736842,2.960000000000001
30,const_low,0.236544761955738,NA,0.03,0.03,0.03,26.28,0,30.72,378,0.4610526315789474,1,0.6301327618894467,0.6524907096153258,26.28,57,4.01535397529602,2.294981214631223,0,2.294981214631223,0,0.040262828326863585,0,0.03673430677733514,0.029873389007842043,2.294981214631223,1.2141266841290304,50,0.4610526315789474,-4.439999999999998
30,const_low,0.236544761955738,NA,0.05,0.05,0.05,22.8,0.06,34.2,377.94,0.4,0.9978799489144317,0.5700327234184445,0.6042349558697548,22.86,57,4.1383128213882445,2.0898198340468275,0.31363569143000214,2.0898198340468275,0.31363569143000214,0.036663505860470604,0.010976090760340918,0.03618529079992927,0.027759226038090504,2.2224274281670904,1.2689163443934346,50,0.4010526315789474,-11.400000000000002
30,lambda_double,0.236544761955738,2,NA,0.6230742886333007,0.623,31.38,0.34,25.62,377.66,0.5505263157894736,0.9896206407241088,0.7054227153358034,0.7125157193938401,31.72,57,4.093347716331483,3.527674842714159,0.5573259772323188,3.527674842714159,0.5573259772323188,0.061889032328318515,0.017062820861814692,0.05074179354192372,0.04356327252819228,3.631157683501087,1.242212294655558,50,0.5564912280701754,5.759999999999998
30,lambda_double,0.236544761955738,3,NA,0.49182403157421284,0.492,33,0.08,24,377.92,0.5789473684210527,0.998357843137255,0.7304650244339008,0.7360110968015722,33.08,57,3.8457792568206783,3.927922024247863,0.44446711960297275,3.927922024247863,0.44446711960297275,0.06891091270610275,0.009209448956905075,0.04929164990346874,0.04316700183465252,4.217746762799071,1.2164456466969122,50,0.5803508771929824,9
30,lambda_double,0.236544761955738,4,NA,0.3882215691558938,0.388,31.66,0.02,25.34,377.98,0.555438596491228,0.9995121951219512,0.7125040941049475,0.7205612817581605,31.68,57,4.216720986366272,3.1010860507050673,0.1414213562373095,3.1010860507050673,0.1414213562373095,0.054405018433422166,0.0034493013716416984,0.043866825627247974,0.03721667266350419,3.158661561032276,1.2055722810558278,50,0.5557894736842105,6.32
30,lambda_half,0.236544761955738,0.25,NA,0.942578390203481,0.943,52.52,0,4.48,378,0.9214035087719299,1,0.9589245920335261,0.9542030881443954,52.52,57,3.8805732059478766,1.4176727120063175,0,1.4176727120063175,0,0.02487145108783022,0,0.013374813558651543,0.01461523413428627,1.4176727120063175,1.2013880659976262,50,0.9214035087719299,48.040000000000006
30,lambda_half,0.236544761955738,0.33,NA,0.9249091417350701,0.925,51.66,0.06,5.34,377.94,0.9063157894736842,0.998920887123469,0.9501193382126346,0.944666926249678,51.72,57,4.507406077384949,1.5857786344729898,0.31363569143000214,1.5857786344729898,0.31363569143000214,0.027820677797771837,0.005585919600799954,0.01474075181118462,0.015844543681514726,1.7028187915144388,1.2697046335660915,50,0.9073684210526316,46.31999999999999
30,lambda_half,0.236544761955738,0.5,NA,0.8884540216785858,0.888,45.3,0.44,11.7,377.56,0.7947368421052631,0.9906681506336731,0.8812684976156357,0.8728560238096057,45.74,57,4.10645016670227,2.392590603492032,0.6439672954048369,2.392590603492032,0.6439672954048369,0.04197527374547433,0.013635112348631781,0.025791351108208054,0.02580751201421424,2.577849127169583,1.1587367358853635,50,0.8024561403508772,33.599999999999994
40,const_high,0.181622798740864,NA,0.85,0.85,0.85,66.9,0.04,10.1,702.96,0.8688311688311687,0.999424430641822,0.9295133855747122,0.9251659741811911,66.94,77,7.135411114692688,0.9091372900969897,0.1979486637221574,0.9091372900969897,0.1979486637221574,0.011806977793467403,0.0028484064142339596,0.006421068814463906,0.006490985507286769,0.9981615754036242,1.7032395371192384,50,0.8693506493506493,56.800000000000004
40,const_high,0.181622798740864,NA,0.9,0.9,0.9,68.78,0,8.22,703,0.8932467532467531,1,0.9435457116472706,0.9396134015868378,68.78,77,7.394659938812256,1.1830434635864795,0,1.1830434635864795,0,0.015364200825798466,0,0.008544670917070544,0.008851686286739815,1.1830434635864795,1.9281359341347866,50,0.8932467532467533,60.56
40,const_high,0.181622798740864,NA,0.95,0.95,0.95,70.12,0,6.88,703,0.9106493506493506,1,0.9531706026274495,0.9496188917507615,70.12,77,7.1804754829406745,1.1717769516805645,0,1.1717769516805645,0,0.01521788248935803,0,0.00830878248937483,0.008707602339847775,1.1717769516805645,1.9111003432915248,50,0.9106493506493507,63.24
40,const_low,0.181622798740864,NA,0.01,0.01,0.01,35.88,0,41.12,703,0.4659740259740262,1,0.6348719045442405,0.6630370203342066,35.88,77,7.474172315597534,2.8474120007545123,0,2.8474120007545123,0,0.03697937663317521,0,0.034294714099412656,0.027547707151322758,2.8474120007545123,2.051042211269931,50,0.465974025974026,-5.239999999999995
40,const_low,0.181622798740864,NA,0.03,0.03,0.03,33.44,0,43.56,703,0.43428571428571466,1,0.6045046999841011,0.6388813950903871,33.44,77,7.033508424758911,3.0981231975082553,0,3.0981231975082553,0,0.04023536620140583,0,0.03904656918235779,0.03093480788797753,3.0981231975082553,1.9229971803318937,50,0.4342857142857143,-10.120000000000005
40,const_low,0.181622798740864,NA,0.05,0.05,0.05,29.52,0.02,47.48,702.98,0.38337662337662376,0.9994594594594595,0.5534634529668695,0.598636659247401,29.54,77,7.414902467727661,2.366776849020884,0.1414213562373095,2.366776849020884,0.1414213562373095,0.030737361675595928,0.0038221988172245738,0.031260760230961325,0.024100589323759504,2.4261332298494227,1.9187231759215642,50,0.3836363636363636,-17.959999999999997
40,lambda_double,0.181622798740864,2,NA,0.6954156201992202,0.695,37.32,0.2,39.68,702.8,0.48467532467532476,0.9949718855705698,0.6499365219879651,0.6743337497699068,37.52,77,7.32328266620636,4.263944709983458,0.4948716593053935,4.263944709983458,0.4948716593053935,0.055375905324460156,0.01239799772941692,0.049720441306677306,0.04028916143379412,4.35768146553899,1.9411753376236076,50,0.4872727272727273,-2.3599999999999994
40,lambda_double,0.181622798740864,3,NA,0.5799180977303537,0.58,42.3,0.04,34.7,702.96,0.5493506493506491,0.9992582417582417,0.7064861869282042,0.7220353659399501,42.34,77,6.955248227119446,5.29246672938363,0.1979486637221574,5.29246672938363,0.1979486637221574,0.06873333414783915,0.003673372947519102,0.054833260863994336,0.04629537303834308,5.3779975030541936,1.8637633158962472,50,0.54987012987013,7.599999999999994
40,lambda_double,0.181622798740864,4,NA,0.48360288481706615,0.484,38.98,0,38.02,703,0.5062337662337663,1,0.6714662692914558,0.6926424029569365,38.98,77,7.375655403137207,2.744121732291163,0,2.744121732291163,0,0.035637944575209544,0,0.031003162376035905,0.025476309460664162,2.744121732291163,1.9327722562327083,50,0.5062337662337661,0.9599999999999937
40,lambda_half,0.181622798740864,0.25,NA,0.9556097126198955,0.956,70.06,0,6.94,703,0.9098701298701297,1,0.9527086775635981,0.9491588962624953,70.06,77,7.015018458366395,1.4485742462638136,0,1.4485742462638136,0,0.018812652548880746,0,0.010328904712158353,0.010786693279397488,1.4485742462638136,1.870512467763666,50,0.9098701298701299,63.120000000000005
40,lambda_half,0.181622798740864,0.33,NA,0.941825257143231,0.942,68.14,0,8.86,703,0.8849350649350648,1,0.9387703658710923,0.9347651418008932,68.14,77,7.548007698059082,1.9379138794285036,0,1.9379138794285036,0,0.025167712719850723,0,0.014150209112015403,0.014559550537981776,1.9379138794285036,1.9074899349661758,50,0.8849350649350649,59.28
40,lambda_half,0.181622798740864,0.5,NA,0.9131899228534791,0.913,59.78,0.46,17.22,702.54,0.7763636363636361,0.992761178822975,0.8704082887776535,0.8665311195561004,60.24,77,6.873585457801819,3.621308817405719,0.8381222939355788,3.621308817405719,0.8381222939355788,0.04702998464163277,0.012869355383218681,0.029195193007469252,0.02755657642968806,3.9567044625649808,1.813395065535786,50,0.7823376623376623,42.56
50,const_high,0.147423700392246,NA,0.85,0.85,0.85,83.52,0,13.48,1128,0.8610309278350514,1,0.9252541179440508,0.922391738590816,83.52,97,10.794388384819035,1.50156381068239,0,1.50156381068239,0,0.01548003928538544,0,0.008920684914596874,0.008890883310928068,1.50156381068239,2.428324454192714,50,0.8610309278350515,70.03999999999999
50,const_high,0.147423700392246,NA,0.9,0.9,0.9,85.24,0,11.76,1128,0.878762886597938,1,0.9354202796887812,0.9325542206968671,85.24,97,11.242250957489016,1.2545427657200086,0,1.2545427657200086,0,0.012933430574433092,0,0.007327238003930404,0.0073755542704899675,1.2545427657200086,2.4345576081584808,50,0.8787628865979381,73.47999999999999
50,const_high,0.147423700392246,NA,0.95,0.95,0.95,87.74,0,9.26,1128,0.9045360824742268,1,0.9498217973100396,0.9471689093375554,87.74,97,10.597897543907164,1.3372222198670356,0,1.3372222198670356,0,0.013785796081103559,0,0.007571115843478755,0.007762356018409559,1.3372222198670356,2.537887135397186,50,0.9045360824742268,78.47999999999999
50,const_low,0.147423700392246,NA,0.01,0.01,0.01,43.42,0,53.58,1128,0.4476288659793815,1,0.6177002439106619,0.6532915140285308,43.42,97,10.845899906158447,3.2831667142363314,0,3.2831667142363314,0,0.033847079528209555,0,0.03188138457156362,0.025399757874428337,3.2831667142363314,2.7892922387601558,50,0.44762886597938145,-10.159999999999997
50,const_low,0.147423700392246,NA,0.03,0.03,0.03,39.3,0.06,57.7,1127.94,0.4051546391752579,0.9989285714285714,0.575335820752436,0.6197566763866292,39.36,97,10.550172595977783,3.7971525314291465,0.4242640687119285,3.7971525314291465,0.4242640687119285,0.03914590238586753,0.007576144084141648,0.03780855802996628,0.02904076191177807,4.034342371111671,2.385170064519382,50,0.40577319587628863,-18.400000000000006
50,const_low,0.147423700392246,NA,0.05,0.05,0.05,35.58,0,61.42,1128,0.3668041237113402,1,0.536176703084036,0.589433761113904,35.58,97,11.067277870178215,2.6115129714401193,0,2.6115129714401193,0,0.026922814138557984,0,0.028804418063438416,0.022299087096369394,2.6115129714401193,2.8235866723629264,50,0.3668041237113402,-25.840000000000003
50,lambda_double,0.147423700392246,2,NA,0.7446452110712936,0.745,43.44,0.36,53.56,1127.64,0.4478350515463918,0.9932939627765578,0.6150140092936628,0.6500252030804211,43.8,97,11.15752113342285,5.414116092329799,1.1204955172072901,5.414116092329799,1.1204955172072901,0.05581562981783289,0.01828012296015681,0.0501948343314087,0.03879817460258713,6.07100838882165,2.6409469759570086,50,0.45154639175257727,-10.120000000000005
50,lambda_double,0.147423700392246,3,NA,0.6425754088905917,0.643,49.92,0,47.08,1128,0.5146391752577321,1,0.6779393696159222,0.7020242460302777,49.92,97,10.739702539443973,5.236605848861124,0,5.236605848861124,0,0.05398562730784657,0,0.04625857925394153,0.0380457106476668,5.236605848861124,2.4911789050688666,50,0.514639175257732,2.8400000000000034
50,lambda_double,0.147423700392246,4,NA,0.5544964903714114,0.554,47.84,0,49.16,1128,0.4931958762886598,1,0.6596652829199027,0.6869634885412248,47.84,97,10.987328066825864,3.8722455648222667,0,3.8722455648222667,0,0.03992005736930172,0,0.03535981894684065,0.028731862506181472,3.8722455648222667,2.6056011704410986,50,0.49319587628865985,-1.3199999999999932
50,lambda_half,0.147423700392246,0.25,NA,0.9638149868960256,0.964,86.22,0,10.78,1128,0.8888659793814432,1,0.9410778562870274,0.938288255074762,86.22,97,10.819157676696777,1.6695349468566119,0,1.6695349468566119,0,0.017211700483057903,0,0.009605660908292056,0.009754811895334517,1.6695349468566119,2.410802842449759,50,0.8888659793814433,75.44
50,lambda_half,0.147423700392246,0.33,NA,0.9525146217986057,0.953,84.24,0,12.76,1128,0.8684536082474226,1,0.9294570077319315,0.9266237064048763,84.24,97,11.166776409149165,2.0855185818165323,0,2.0855185818165323,0,0.021500191565118832,0,0.012336924546398561,0.012326329966881305,2.0855185818165323,2.6618620052878574,50,0.8684536082474227,71.47999999999999
50,lambda_half,0.147423700392246,0.5,NA,0.9289393289653861,0.929,72.46,0.64,24.54,1127.36,0.7470103092783504,0.9915429323107012,0.8514377502575353,0.8507348004589409,73.1,97,10.961665515899659,3.775376721302803,0.9847821679779477,3.775376721302803,0.9847821679779477,0.03892140949796712,0.012554035204101675,0.02458885543142899,0.023008428055104346,4.136694924448645,2.444191632107307,50,0.7536082474226804,47.919999999999995
60,const_high,0.124072517454624,NA,0.85,0.85,0.85,102.94,0,14.06,1653,0.8798290598290597,1,0.9360485164171211,0.934017330079422,102.94,117,24.387658109664915,1.0768434597167287,0,1.0768434597167287,0,0.009203790253989094,0,0.005201832048311773,0.005183903611861814,1.0768434597167287,4.626459529211132,50,0.8798290598290598,88.88
60,const_high,0.124072517454624,NA,0.9,0.9,0.9,105.1,0,11.9,1653,0.8982905982905981,1,0.9463803100282746,0.9443713557452057,105.1,117,24.557414083480833,1.3887301496588271,0,1.3887301496588271,0,0.011869488458622594,0,0.006564106009213618,0.006622975479562152,1.3887301496588271,5.522647691482668,50,0.8982905982905982,93.19999999999999
60,const_high,0.124072517454624,NA,0.95,0.95,0.95,107.36,0,9.64,1653,0.9176068376068378,1,0.9570079267562538,0.9551260252453767,107.36,117,24.4436749792099,1.1204955172072901,0,1.1204955172072901,0,0.009576884762455492,0,0.005192457340609108,0.005299124807414346,1.1204955172072901,4.459401893268115,50,0.9176068376068376,97.72
60,const_low,0.124072517454624,NA,0.01,0.01,0.01,61.56,0.02,55.44,1652.98,0.5261538461538462,0.9997530864197531,0.6886423959944052,0.7129724036198977,61.58,117,24.610031404495246,4.491079593857957,0.1414213562373095,4.491079593857957,0.1414213562373095,0.03838529567399964,0.0017459426695964528,0.0318441776444811,0.02612579036615029,4.576292055757787,5.315636614358149,50,0.5263247863247863,6.1200000000000045
60,const_low,0.124072517454624,NA,0.03,0.03,0.03,52.84,0,64.16,1653,0.4516239316239316,1,0.6217649864714654,0.6590848566322454,52.84,117,24.343132557868962,3.164600113371517,0,3.164600113371517,0,0.02704786421685069,0,0.02562117057243848,0.020331085698554244,3.164600113371517,4.134468662022648,50,0.45162393162393166,-11.319999999999993
60,const_low,0.124072517454624,NA,0.05,0.05,0.05,49.06,0.04,67.94,1652.96,0.41931623931623935,0.9992854864433812,0.5902115839517897,0.634058755168833,49.1,117,24.33723297119141,3.2097428214098147,0.1979486637221574,3.2097428214098147,0.1979486637221574,0.027433699328289006,0.0035365122985593286,0.026736424244650385,0.020758922866015907,3.290369373223149,5.902347497389009,50,0.41965811965811967,-18.879999999999995
60,lambda_double,0.124072517454624,2,NA,0.7802467720515678,0.78,69.02,0.1,47.98,1652.9,0.58991452991453,0.9987681375472073,0.7398518607090783,0.7556937905238792,69.12,117,24.485657634735112,7.178454156824619,0.4629100498862757,7.178454156824619,0.4629100498862757,0.061354309032689056,0.00552963539846369,0.047424292798489386,0.03999921486814328,7.3391319066260925,5.6245051149214005,50,0.5907692307692308,21.04
60,lambda_double,0.124072517454624,3,NA,0.6892042881912673,0.689,66.98,0,50.02,1653,0.5724786324786325,1,0.726928568321993,0.7448327532825655,66.98,117,24.074746079444886,5.822160339634092,0,5.822160339634092,0,0.04976205418490685,0,0.03856151297550375,0.03284836243802172,5.822160339634092,5.074883045630283,50,0.5724786324786325,16.96
60,lambda_double,0.124072517454624,4,NA,0.6087850252968913,0.609,65.04,0,51.96,1653,0.5558974358974359,1,0.7141027605109461,0.7338980669107591,65.04,117,24.579048023223876,3.5222905348998252,0,3.5222905348998252,0,0.0301050473068362,0,0.0245575376705041,0.020481284525733074,3.5222905348998252,5.70752301360606,50,0.5558974358974359,13.080000000000005
60,lambda_half,0.124072517454624,0.25,NA,0.9694579972601257,0.969,107.16,0,9.84,1653,0.915897435897436,1,0.9560207374005538,0.954154272965592,107.16,117,24.335967507362373,2.013829735623554,0,2.013829735623554,0,0.017212219962594543,0,0.009319966949699103,0.009518644394958569,2.013829735623554,4.982895524880263,50,0.9158974358974359,97.32
60,lambda_half,0.124072517454624,0.33,NA,0.9598829483463843,0.96,105.52,0,11.48,1653,0.9018803418803418,1,0.9483521314309765,0.9463686194160955,105.52,117,24.701852712631233,1.6566501730656256,0,1.6566501730656256,0,0.014159403188595265,0,0.007812773242033104,0.007893088256435202,1.6566501730656256,5.030015333226527,50,0.9018803418803418,94.03999999999999
60,lambda_half,0.124072517454624,0.5,NA,0.9398488084516139,0.94,99.02,0.1,17.98,1652.9,0.8463247863247864,0.999009672505712,0.9161431770744829,0.9144144548547993,99.12,117,24.72092419147491,2.979453449400218,0.30304576336566325,2.979453449400218,0.30304576336566325,0.02546541409743781,0.0030015227392086743,0.014784366777988413,0.01446416953640058,3.0280322970266904,4.889003991543765,50,0.8471794871794872,81.03999999999999
70,const_high,0.107111112773418,NA,0.85,0.85,0.85,119.98,0,17.02,2278,0.8757664233576643,1,0.9337288645100164,0.9323294817113374,119.98,137,32.85051778316498,1.5970636320754283,0,1.5970636320754283,0,0.011657398774273273,0,0.006617181287324097,0.006525598219256699,1.5970636320754283,6.714825337413112,50,0.8757664233576643,102.96000000000001
70,const_high,0.107111112773418,NA,0.9,0.9,0.9,122.56,0,14.44,2278,0.8945985401459855,1,0.9443329123865613,0.9428333411400411,122.56,137,33.50126210212707,1.5004761149143866,0,1.5004761149143866,0,0.010952380400834827,0,0.006086166031549672,0.006072894199948823,1.5004761149143866,7.830373761744117,50,0.8945985401459854,108.12
70,const_high,0.107111112773418,NA,0.95,0.95,0.95,124.98,0,12.02,2278,0.9122627737226279,1,0.9540958688303999,0.9526044848638527,124.98,137,32.56168181896211,1.2370141800451007,0,1.2370141800451007,0,0.009029300584270773,0,0.004920056789529748,0.004963520041197703,1.2370141800451007,6.698583912850857,50,0.9122627737226278,112.96000000000001
70,const_low,0.107111112773418,NA,0.01,0.01,0.01,67.22,0,69.78,2278,0.49065693430656937,1,0.657789145635734,0.6896911100433789,67.22,137,32.66727530956269,4.077263988590028,0,4.077263988590028,0,0.029761051011606064,0,0.026619255546567876,0.02144146893756427,4.077263988590028,8.131178901450054,50,0.4906569343065693,-2.5600000000000023
70,const_low,0.107111112773418,NA,0.03,0.03,0.03,60.8,0,76.2,2278,0.4437956204379562,1,0.6143602024603574,0.6550719391880774,60.8,137,32.49228823661803,3.4106675389466634,0,3.4106675389466634,0,0.024895383495961026,0,0.023804680817865284,0.018812630072733493,3.4106675389466634,6.025836909322655,50,0.4437956204379562,-15.400000000000006
70,const_low,0.107111112773418,NA,0.05,0.05,0.05,55.78,0.02,81.22,2277.98,0.40715328467153294,0.9997101449275363,0.5781284671377396,0.626586538439901,55.8,137,33.721159868240356,3.671678701874106,0.1414213562373095,3.671678701874106,0.1414213562373095,0.026800574466234385,0.002049584873004432,0.02647802269416673,0.02054723590749113,3.7416573867739413,5.702562750776639,50,0.40729927007299266,-25.439999999999998
70,lambda_double,0.107111112773418,2,NA,0.8071689915199806,0.807,73.42,0.04,63.58,2277.96,0.5359124087591242,0.9995652173913043,0.6968103095207581,0.7213898091872007,73.46,137,33.47883468151092,5.602805419736488,0.282842712474619,5.602805419736488,0.282842712474619,0.04089638992508385,0.0030743773095067892,0.03388784918951632,0.027690109860260617,5.729301699088962,7.985679053864155,50,0.5362043795620437,9.840000000000003
70,lambda_double,0.107111112773418,3,NA,0.7251814799202028,0.725,75.7,0,61.3,2278,0.5525547445255474,1,0.7112405034786388,0.7332422942768243,75.7,137,32.95340528488158,4.477836576759279,0,4.477836576759279,0,0.03268493851649112,0,0.02715886841937391,0.02242321517183233,4.477836576759279,6.571670897380033,50,0.5525547445255474,14.400000000000006
70,lambda_double,0.107111112773418,4,NA,0.65152178087138235,0.652,73.16,0,63.84,2278,0.534014598540146,1,0.6956709649763195,0.7204366603132493,73.16,137,33.11115589618683,4.432532790490727,0,4.432532790490727,0,0.0323542539451878,0,0.027123766756170644,0.022322635214476427,4.432532790490727,8.25566553761546,50,0.534014598540146,9.319999999999993
70,lambda_half,0.107111112773418,0.25,NA,0.9735775676532484,0.974,124.3,0,12.7,2278,0.9072992700729928,1,0.9513568418693545,0.9498607732278118,124.3,137,32.7576619386673,1.6319513798279803,0,1.6319513798279803,0,0.011912053867357515,0,0.006538783481025295,0.006569349942711715,1.6319513798279803,6.990097358919828,50,0.9072992700729927,111.6
70,lambda_half,0.107111112773418,0.33,NA,0.9652707305325394,0.965,122.74,0,14.26,2278,0.8959124087591241,1,0.9450419414243708,0.9435525482727671,122.74,137,33.194143018722535,1.9358065344386846,0,1.9358065344386846,0,0.014129974703931913,0,0.007805132110987572,0.00781408960289405,1.9358065344386846,8.169315019465378,50,0.895912408759124,108.47999999999999
70,lambda_half,0.107111112773418,0.5,NA,0.9478532802376155,0.948,112.82,0.02,24.18,2277.98,0.8235036496350364,0.9998290598290598,0.9028878208013689,0.9024959049572335,112.84,137,32.88572419166565,3.8155963505334367,0.1414213562373095,3.8155963505334367,0.1414213562373095,0.02785106825206892,0.0012087295404898833,0.01667058377921701,0.015939875560750803,3.835175540776645,6.686117394033352,50,0.8236496350364964,88.63999999999999
80,const_high,0.0942315205931664,NA,0.85,0.85,0.85,136.4,0,20.6,3003,0.8687898089171975,1,0.9297603879049928,0.9288954948076025,136.4,157,43.02966523170471,1.52529689314733,0,1.52529689314733,0,0.00971526683533338,0,0.005554177562533644,0.005423751492342075,1.52529689314733,8.82678448018041,50,0.8687898089171975,115.80000000000001
80,const_high,0.0942315205931664,NA,0.9,0.9,0.9,139.64,0,17.36,3003,0.8894267515923567,1,0.9414577979048184,0.9403709743013208,139.64,157,43.663471183776856,1.3055611038623842,0,1.3055611038623842,0,0.008315675820779507,0,0.004657399381856668,0.004598669699801998,1.3055611038623842,9.620273118590667,50,0.8894267515923566,122.27999999999999
80,const_high,0.0942315205931664,NA,0.95,0.95,0.95,142.36,0,14.64,3003,0.9067515923566879,1,0.9510742831862579,0.9499127482319347,142.36,157,43.06479226589203,1.3666583706401598,0,1.3666583706401598,0,0.008704830386242987,0,0.004780630028350947,0.00477116800522426,1.3666583706401598,9.25808014713437,50,0.906751592356688,127.72000000000001
80,const_low,0.0942315205931664,NA,0.01,0.01,0.01,75.24,0,81.76,3003,0.47923566878980883,1,0.6472674376557168,0.6826477907037325,75.24,157,43.37767494678498,5.347362500736762,0,5.347362500736762,0,0.03405963376265459,0,0.030288024465426236,0.02440305390813898,5.347362500736762,10.761871162921185,50,0.4792356687898089,-6.52000000000001
80,const_low,0.0942315205931664,NA,0.03,0.03,0.03,67.1,0,89.9,3003,0.4273885350318472,1,0.5985222256209314,0.6439840905869059,67.1,157,42.63377999782562,3.4121631178560534,0,3.4121631178560534,0,0.021733523043669198,0,0.021286380604774828,0.016709429637411927,3.4121631178560534,8.762289174215399,50,0.4273885350318471,-22.80000000000001
80,const_low,0.0942315205931664,NA,0.05,0.05,0.05,61.22,0,95.78,3003,0.38993630573248406,1,0.5608486338442991,0.6145688585520347,61.22,157,43.2381215429306,2.8305188101642917,0,2.8305188101642917,0,0.01802878223034587,0,0.01860760043096875,0.014458220796680176,2.8305188101642917,10.335937901025263,50,0.38993630573248406,-34.56
80,lambda_double,0.0942315205931664,2,NA,0.8282311133123765,0.828,84.46,0.04,72.54,3002.96,0.5379617834394904,0.9995054945054945,0.6984662356714666,0.7240327059310956,84.5,157,43.41815700054168,6.7679014321958295,0.1979486637221574,6.7679014321958295,0.1979486637221574,0.04310765243436838,0.002448915298346095,0.03643560234099227,0.029943710814297263,6.74385585824124,10.61656614581208,50,0.5382165605095541,11.919999999999987
80,lambda_double,0.0942315205931664,3,NA,0.753749976755287,0.754,83.4,0,73.6,3003,0.5312101910828025,1,0.6931787737071952,0.7197125112278274,83.4,157,42.887162380218506,5.499536158548617,0,5.499536158548617,0,0.03502889272960899,0,0.029670297326851336,0.024280965996377645,5.499536158548617,8.986410156505055,50,0.5312101910828025,9.800000000000011
80,lambda_double,0.0942315205931664,4,NA,0.6859667770586587,0.686,82.04,0,74.96,3003,0.522547770700637,1,0.6861118071373026,0.7138542192321846,82.04,157,44.11340697288513,3.653122790497054,0,3.653122790497054,0,0.02326829802864371,0,0.02006854044880654,0.01631999303814467,3.653122790497054,9.715756655271287,50,0.522547770700637,7.0800000000000125
80,lambda_half,0.0942315205931664,0.25,NA,0.9767174404824619,0.977,141.06,0,15.94,3003,0.8984713375796178,1,0.9465045384160795,0.9453642282815667,141.06,157,42.99588376522064,1.185111722968922,0,1.185111722968922,0,0.007548482311903951,0,0.0041822725729713265,0.004153905008945395,1.185111722968922,8.91031507229579,50,0.8984713375796178,125.12
80,lambda_half,0.0942315205931664,0.33,NA,0.9693821183945225,0.969,138.84,0,18.16,3003,0.884331210191083,1,0.938551804182528,0.9375295136356112,138.84,157,43.91902577877045,2.315519953069121,0,2.315519953069121,0,0.014748534732924354,0,0.008300328127190898,0.008174195706908523,2.315519953069121,10.46993831199497,50,0.8843312101910829,120.68
80,lambda_half,0.0942315205931664,0.5,NA,0.9539769585426116,0.954,128.62,0.1,28.38,3002.9,0.819235668789809,0.9992643719312602,0.9000919814270255,0.9004029385059471,128.72,157,43.64445242881776,4.159523128083462,0.4629100498862757,4.159523128083462,0.4629100498862757,0.026493777885881947,0.003337611413992468,0.015868379147556625,0.014903033014291142,4.314380320627796,8.90260759511054,50,0.8198726114649681,100.24000000000001
90,const_high,0.0841183909773827,NA,0.85,0.85,0.85,153,0,24,3828,0.864406779661017,1,0.9272498975772764,0.9268233908793846,153,177,54.04444169044495,1.538618516324144,0,1.538618516324144,0,0.008692759979232446,0,0.004996499729419313,0.0048430403578702775,1.538618516324144,11.402528650033869,50,0.864406779661017,129
90,const_high,0.0841183909773827,NA,0.9,0.9,0.9,156.32,0,20.68,3828,0.8831638418079096,1,0.9379393686673032,0.937231438540423,156.32,177,54.75357073783875,1.3915195042155337,0,1.3915195042155337,0,0.00786169211421188,0,0.004436263274771993,0.004342122234756252,1.3915195042155337,13.174305653489636,50,0.8831638418079095,135.64
90,const_high,0.0841183909773827,NA,0.95,0.95,0.95,160.04,0,16.96,3828,0.904180790960452,1,0.9496677296797389,0.9487793342775376,160.04,177,54.00015009880067,1.1421426337889535,0,1.1421426337889535,0,0.006452783241745484,0,0.0035633218199095863,0.003528318173299416,1.1421426337889535,11.92850286532173,50,0.9041807909604519,143.07999999999998
90,const_low,0.0841183909773827,NA,0.01,0.01,0.01,82.78,0,94.22,3828,0.4676836158192091,1,0.6368820167072707,0.6753609469674506,82.78,177,54.589778318405145,4.647975201029772,0,4.647975201029772,0,0.026259746898473275,0,0.024332950376128672,0.01934802701188213,4.647975201029772,12.872172992451988,50,0.46768361581920903,-11.439999999999998
90,const_low,0.0841183909773827,NA,0.03,0.03,0.03,74.32,0,102.68,3828,0.41988700564971754,1,0.5910714042774666,0.6392416948913613,74.32,177,53.58217371940613,4.127755727624731,0,4.127755727624731,0,0.023320653828388344,0,0.022732017093295,0.017851992564803052,4.127755727624731,10.378337532630875,50,0.4198870056497175,-28.360000000000014
90,const_low,0.0841183909773827,NA,0.05,0.05,0.05,67.9,0,109.1,3828,0.3836158192090396,1,0.5541972288924767,0.6105173419137467,67.9,177,55.136163568496706,3.660322278662559,0,3.660322278662559,0,0.020679786885099208,0,0.0214985013870554,0.016682936573671772,3.660322278662559,12.045910983429534,50,0.3836158192090396,-41.19999999999999
90,lambda_double,0.0841183909773827,2,NA,0.8451536938470181,0.845,88.32,0.04,88.68,3827.96,0.49898305084745764,0.9995930592852716,0.6648501283664884,0.6977255917259777,88.36,177,53.90435678482056,6.566582063752802,0.1979486637221574,6.566582063752802,0.1979486637221574,0.03709933369351865,0.0020160222264973496,0.03323702572079184,0.026557896997667422,6.626354309012719,13.096142852575845,50,0.4992090395480226,-0.36000000000001364
90,lambda_double,0.0841183909773827,3,NA,0.7769687307943876,0.777,92.62,0,84.38,3828,0.5232768361581921,1,0.6865684152177908,0.7152753097475865,92.62,177,53.62064663887024,5.158270553396828,0,5.158270553396828,0,0.02914277148811767,0,0.02521479680344276,0.020454951993568365,5.158270553396828,10.89075570240709,50,0.5232768361581921,8.240000000000009
90,lambda_double,0.0841183909773827,4,NA,0.7142847662232592,0.714,90.86,0,86.14,3828,0.5133333333333333,1,0.6778494900559257,0.7082335707243798,90.86,177,54.767147631645194,5.627955006129705,0,5.627955006129705,0,0.03179635596683439,0,0.027432271837957614,0.022275978524527375,5.627955006129705,12.11542023260302,50,0.5133333333333333,4.719999999999999
90,lambda_half,0.0841183909773827,0.25,NA,0.9791899823257945,0.979,158.16,0,18.84,3828,0.8935593220338983,1,0.9437536703376099,0.9429493309996653,158.16,177,54.87893724441528,1.9310565998532343,0,1.9310565998532343,0,0.010909924292956086,0,0.006087447722462036,0.005994148184775321,1.9310565998532343,9.941990009895475,50,0.8935593220338983,139.32
90,lambda_half,0.0841183909773827,0.33,NA,0.9726226735056729,0.973,155.44,0,21.56,3828,0.8781920903954803,1,0.9351087152606519,0.9344739236122168,155.44,177,54.997514777183525,1.9914101249401857,0,1.9914101249401857,0,0.01125090466067893,0,0.006384034744495043,0.0062302067560291415,1.9914101249401857,12.337874070834292,50,0.8781920903954802,133.88
90,lambda_half,0.0841183909773827,0.5,NA,0.9588130214871896,0.959,142.26,0.04,34.74,3827.96,0.803728813559322,0.9997173109579462,0.8908605728462299,0.8922359769877399,142.3,177,54.820070910453794,4.480388102722844,0.1979486637221574,4.480388102722844,0.1979486637221574,0.02531292713402735,0.0013989570506692517,0.01562573222284925,0.014644250662296538,4.468712091319158,10.03243897514086,50,0.803954802259887,107.51999999999998
100,const_high,0.0759660795331001,NA,0.85,0.85,0.85,257.06,0,36.94,4656,0.8743537414965986,1,0.9329524408029783,0.9313756267633034,257.06,294,65.66970204353333,1.9526016135465243,0,1.9526016135465243,0,0.006641502086893016,0,0.003777282441979919,0.0037295101545713337,1.9526016135465243,13.862304354282628,50,0.8743537414965986,220.12
100,const_high,0.0759660795331001,NA,0.9,0.9,0.9,262.22,0,31.78,4656,0.8919047619047619,1,0.9428507791417754,0.9411944648021047,262.22,294,66.87936181545257,2.0131202301960234,0,2.0131202301960234,0,0.006847347721755153,0,0.003821725463194757,0.0038130780418427546,2.0131202301960234,16.040950036854458,50,0.891904761904762,230.44000000000003
100,const_high,0.0759660795331001,NA,0.95,0.95,0.95,267.92,0,26.08,4656,0.9112925170068027,1,0.9535751367636712,0.9519485189511149,267.92,294,66.25869359016419,1.967490891507065,0,1.967490891507065,0,0.006692145889479925,0,0.0036611488604689694,0.0036941902155344813,1.967490891507065,14.019719438336663,50,0.9112925170068028,241.84000000000003
100,const_low,0.0759660795331001,NA,0.01,0.01,0.01,146.28,0,147.72,4656,0.4975510204081633,1,0.6642473966055029,0.6943110449664687,146.28,294,66.06953765392304,5.948898028635391,0,5.948898028635391,0,0.02023434703617473,0,0.01803902289140391,0.014549238351283088,5.948898028635391,15.368390012754954,50,0.4975510204081633,-1.4399999999999977
100,const_low,0.0759660795331001,NA,0.03,0.03,0.03,131.74,0,162.26,4656,0.4480952380952381,1,0.6186353774998918,0.6578901902770158,131.74,294,65.07988319396974,5.66338039963946,0,5.66338039963946,0,0.019263198638229426,0,0.0184122436499646,0.014557413483330325,5.66338039963946,13.141998216169954,50,0.4480952380952381,-30.519999999999982
100,const_low,0.0759660795331001,NA,0.05,0.05,0.05,118.86,0,175.14,4656,0.4042857142857143,1,0.5755046432796185,0.6240255042933143,118.86,294,66.48683594226837,5.90057070916683,0,5.90057070916683,0,0.02006996839852667,0,0.020262722394844418,0.015821831830027017,5.90057070916683,14.418347415549059,50,0.4042857142857143,-56.27999999999999
100,lambda_double,0.0759660795331001,2,NA,0.8590465572849573,0.859,161.66,0.12,132.34,4655.88,0.5498639455782313,0.9993049041784985,0.7088903673352389,0.7306701436739271,161.78,294,67.06111550331116,8.938816978750143,0.38544964466377263,8.938816978750143,0.38544964466377263,0.03040413938350389,0.0022265180899344395,0.024994496341525858,0.020543448295021693,9.083040936440902,12.6226253074059,50,0.5502721088435374,29.319999999999993
100,lambda_double,0.0759660795331001,3,NA,0.7962052786774911,0.796,161.52,0,132.48,4656,0.5493877551020407,1,0.7088208016710286,0.7307006634374043,161.52,294,65.13361369609832,7.557237374510204,0,7.557237374510204,0,0.025704889028946232,0,0.021329784973678496,0.01763267516222492,7.557237374510204,13.975879801362808,50,0.5493877551020409,29.04000000000002
100,lambda_double,0.0759660795331001,4,NA,0.7379609875831373,0.738,158.68,0,135.32,4656,0.5397278911564626,1,0.7008369057013213,0.7240908212131779,158.68,294,66.29772179603576,6.139334538158723,0,6.139334538158723,0,0.02088209026584598,0,0.017480056400636487,0.01440403236768622,6.139334538158723,15.630088776149082,50,0.5397278911564626,23.360000000000014
100,lambda_half,0.0759660795331001,0.25,NA,0.9811876827936056,0.981,266.34,0,27.66,4656,0.9059183673469388,1,0.950619129819734,0.9489749063751984,266.34,294,66.0522270822525,2.3439892735005667,0,2.3439892735005667,0,0.007972752630954396,0,0.004386779278863402,0.0044120807875073055,2.3439892735005667,13.320834155402824,50,0.9059183673469386,238.67999999999998
100,lambda_half,0.0759660795331001,0.33,NA,0.9752428069233261,0.975,263.24,0,30.76,4656,0.895374149659864,1,0.944765665750491,0.9431170128271842,263.24,294,66.60998152732849,3.1787560139020368,0,3.1787560139020368,0,0.010812095285381006,0,0.006028814147614049,0.006018389413746154,3.1787560139020368,14.943914336487309,50,0.895374149659864,232.48000000000002
100,lambda_half,0.0759660795331001,0.5,NA,0.9627292688658851,0.963,243.56,0.08,50.44,4655.92,0.8284353741496598,0.9996778906234515,0.9059222036317113,0.9050857722877208,243.64,294,66.61394091129303,5.474094837113647,0.27404751561786966,5.474094837113647,0.27404751561786966,0.018619370194264045,0.0011037454049022787,0.011098421349330497,0.010621584215442088,5.539321405429826,13.770068789110116,50,0.8287074829931972,193.12
200,const_high,0.038581916987896,NA,0.85,0.85,0.85,699.84,0,90.16,19110,0.8858734177215191,1,0.939474325516754,0.9389918100221886,699.84,790,415.55087567329406,4.414077665000137,0,4.414077665000137,0,0.005587440082278649,0,0.003137214328362289,0.0030669305562998094,4.414077665000137,81.41613083234776,50,0.8858734177215191,609.6800000000001
200,const_high,0.038581916987896,NA,0.9,0.9,0.9,711.7,0,78.3,19110,0.9008860759493671,1,0.9478554707953828,0.9472099773659006,711.7,790,416.02114247322083,2.815771906346718,0,2.815771906346718,0,0.0035642682358819253,0,0.001971231708153142,0.0019425386049712473,2.815771906346718,96.20430542306046,50,0.9008860759493671,633.4000000000001
200,const_high,0.038581916987896,NA,0.95,0.95,0.95,724.3,0,65.7,19110,0.9168354430379747,1,0.9566101930725761,0.955871935188842,724.3,790,416.8990896606446,2.7719439874188936,0,2.7719439874188936,0,0.003508789857492341,0,0.0019085717725420758,0.001897557111466221,2.7719439874188936,76.30904622286303,50,0.9168354430379746,658.5999999999999
200,const_low,0.038581916987896,NA,0.01,0.01,0.01,420.68,0,369.32,19110,0.532506329113924,1,0.6948362868993764,0.7227182245469599,420.68,790,412.8281091976166,11.346922625153681,0,11.346922625153681,0,0.014363193196397183,0,0.012195616294574019,0.009939228797111304,11.346922625153681,97.98488523579314,50,0.532506329113924,51.360000000000014
200,const_low,0.038581916987896,NA,0.03,0.03,0.03,371.5,0,418.5,19110,0.47025316455696203,1,0.6395923572318403,0.6783052429341178,371.5,790,414.14075461864473,9.953463144626024,0,9.953463144626024,0,0.012599320436235474,0,0.011634260810032281,0.009247772129309486,9.953463144626024,83.69487496263386,50,0.47025316455696203,-47
200,const_low,0.038581916987896,NA,0.05,0.05,0.05,340.52,0,449.48,19110,0.4310379746835444,1,0.6023414244450594,0.6489032158595303,340.52,790,411.6384668254853,8.18470450016994,0,8.18470450016994,0,0.010360385443253087,0,0.010095529078098792,0.007921355084790898,8.18470450016994,96.2634244620271,50,0.43103797468354427,-108.96000000000004
200,lambda_double,0.038581916987896,2,NA,0.9257381738161243,0.926,475.12,0,314.88,19110,0.6014177215189873,1,0.7508854829549444,0.7690853129624405,475.12,790,412.4797524929046,16.99056160559354,0,16.99056160559354,0,0.02150704000708039,0,0.01680314580712898,0.014106624210216946,16.99056160559354,95.05806402497795,50,0.6014177215189873,160.24
200,lambda_double,0.038581916987896,3,NA,0.8907016545485996,0.891,461.44,0,328.56,19110,0.5841012658227848,1,0.7373102438802454,0.7577030948024559,461.44,790,419.7239036846161,13.536285325308537,0,13.536285325308537,0,0.017134538386466426,0,0.013605117295998679,0.011352140861111927,13.536285325308537,73.07389440030121,50,0.5841012658227848,132.88
200,lambda_double,0.038581916987896,4,NA,0.856991166460413,0.857,458.96,0,331.04,19110,0.5809620253164557,1,0.7347934393203795,0.755610454015029,458.96,790,414.38292229652404,13.94590130702588,0,13.94590130702588,0,0.017653039629146744,0,0.014078252353746682,0.011728046933065683,13.94590130702588,97.25533222418883,50,0.5809620253164557,127.91999999999996
200,lambda_half,0.038581916987896,0.25,NA,0.9904008891863042,0.99,722.56,0,67.44,19110,0.9146329113924052,1,0.955406564367602,0.9546782307920658,722.56,790,417.6423525571823,3.8922214421975068,0,3.8922214421975068,0,0.00492686258506015,0,0.0026864271571338944,0.002667450104035666,3.8922214421975068,78.68125111377546,50,0.914632911392405,655.1199999999999
200,lambda_half,0.038581916987896,0.33,NA,0.9873486768263083,0.987,713.52,0,76.48,19110,0.9031898734177216,1,0.9491239031399838,0.948462929750181,713.52,790,415.22060776233667,4.3996289268388935,0,4.3996289268388935,0,0.005569150540302412,0,0.003068262565255454,0.0030297703188134598,4.3996289268388935,94.88023514667707,50,0.9031898734177215,637.04
200,lambda_half,0.038581916987896,0.5,NA,0.9808939213010219,0.981,685.24,0,104.76,19110,0.8673924050632912,1,0.9289678030331904,0.9287874062354811,685.24,790,421.8563124990463,6.441447422587503,0,6.441447422587503,0,0.008153730914667694,0,0.00467929014024762,0.004522480862670091,6.441447422587503,82.31295673804108,50,0.8673924050632912,580.48
