"replicate","n_permutations","global_p_value","global_reject","n_selected","elapsed_seconds"
1,99,0.01,TRUE,1,0.0120000000000005
1,199,0.005,TRUE,1,0.0120000000000005
1,999,0.001,TRUE,1,0.0149999999999864
1,4999,2e-04,TRUE,1,0.0279999999999916
2,99,0.01,TRUE,1,0.0130000000000052
2,199,0.005,TRUE,1,0.0120000000000005
2,999,0.001,TRUE,1,0.01400000000001
2,4999,2e-04,TRUE,1,0.0279999999999916
3,99,0.01,TRUE,3,0.0120000000000005
3,199,0.005,TRUE,3,0.0130000000000052
3,999,0.001,TRUE,3,0.0160000000000196
3,4999,2e-04,TRUE,3,0.0279999999999916
4,99,0.01,TRUE,0,0.0130000000000052
4,199,0.005,TRUE,0,0.01400000000001
4,999,0.001,TRUE,0,0.0149999999999864
4,4999,2e-04,TRUE,0,0.0289999999999964
5,99,0.01,TRUE,0,0.0130000000000052
5,199,0.005,TRUE,0,0.0139999999999816
5,999,0.001,TRUE,0,0.0149999999999864
5,4999,4e-04,TRUE,0,0.0279999999999916
6,99,0.02,TRUE,0,0.0120000000000005
6,199,0.04,TRUE,0,0.0130000000000052
6,999,0.018,TRUE,0,0.0439999999999827
6,4999,0.0104,TRUE,0,0.025999999999982
7,99,0.01,TRUE,1,0.0120000000000005
7,199,0.005,TRUE,1,0.0120000000000005
7,999,0.001,TRUE,1,0.01400000000001
7,4999,2e-04,TRUE,1,0.0260000000000105
8,99,0.01,TRUE,0,0.0120000000000005
8,199,0.005,TRUE,0,0.0120000000000005
8,999,0.001,TRUE,0,0.01400000000001
8,4999,2e-04,TRUE,0,0.0260000000000105
9,99,0.01,TRUE,4,0.0110000000000241
9,199,0.005,TRUE,4,0.0120000000000005
9,999,0.001,TRUE,4,0.0149999999999864
9,4999,2e-04,TRUE,4,0.0279999999999916
10,99,0.02,TRUE,0,0.0129999999999768
10,199,0.01,TRUE,0,0.0120000000000005
10,999,0.013,TRUE,0,0.0139999999999816
10,4999,0.0154,TRUE,0,0.025999999999982
11,99,0.01,TRUE,2,0.0120000000000005
11,199,0.005,TRUE,2,0.01400000000001
11,999,0.001,TRUE,2,0.0159999999999911
11,4999,2e-04,TRUE,2,0.0260000000000105
12,99,0.01,TRUE,1,0.0120000000000005
12,199,0.005,TRUE,1,0.0120000000000005
12,999,0.001,TRUE,1,0.0160000000000196
12,4999,2e-04,TRUE,1,0.0279999999999916
13,99,0.01,TRUE,1,0.0120000000000005
13,199,0.005,TRUE,1,0.0120000000000005
13,999,0.001,TRUE,1,0.0139999999999816
13,4999,2e-04,TRUE,1,0.0260000000000105
14,99,0.01,TRUE,1,0.0120000000000005
14,199,0.005,TRUE,1,0.0129999999999768
14,999,0.001,TRUE,1,0.0149999999999864
14,4999,2e-04,TRUE,1,0.025999999999982
15,99,0.01,TRUE,3,0.0120000000000005
15,199,0.005,TRUE,3,0.0130000000000052
15,999,0.001,TRUE,3,0.0149999999999864
15,4999,2e-04,TRUE,3,0.025999999999982
16,99,0.01,TRUE,0,0.0120000000000005
16,199,0.005,TRUE,0,0.0120000000000005
16,999,0.001,TRUE,0,0.01400000000001
16,4999,2e-04,TRUE,0,0.0260000000000105
17,99,0.01,TRUE,0,0.0120000000000005
17,199,0.01,TRUE,0,0.0120000000000005
17,999,0.003,TRUE,0,0.0150000000000148
17,4999,0.0026,TRUE,0,0.0270000000000152
18,99,0.01,TRUE,0,0.0120000000000005
18,199,0.005,TRUE,0,0.0120000000000005
18,999,0.001,TRUE,0,0.0150000000000148
18,4999,2e-04,TRUE,0,0.02800000000002
19,99,0.01,TRUE,1,0.0109999999999957
19,199,0.005,TRUE,1,0.0120000000000005
19,999,0.001,TRUE,1,0.0150000000000148
19,4999,2e-04,TRUE,1,0.0260000000000105
20,99,0.01,TRUE,1,0.0120000000000005
20,199,0.005,TRUE,1,0.0120000000000005
20,999,0.001,TRUE,1,0.0149999999999864
20,4999,2e-04,TRUE,1,0.025999999999982
21,99,0.01,TRUE,1,0.0120000000000005
21,199,0.005,TRUE,1,0.0120000000000005
21,999,0.001,TRUE,1,0.0150000000000148
21,4999,2e-04,TRUE,1,0.0260000000000105
22,99,0.01,TRUE,1,0.0120000000000005
22,199,0.005,TRUE,1,0.0120000000000005
22,999,0.001,TRUE,1,0.0149999999999864
22,4999,2e-04,TRUE,1,0.0260000000000105
23,99,0.01,TRUE,1,0.0120000000000005
23,199,0.005,TRUE,1,0.0130000000000052
23,999,0.001,TRUE,1,0.0159999999999911
23,4999,2e-04,TRUE,1,0.0270000000000152
24,99,0.01,TRUE,1,0.0120000000000005
24,199,0.005,TRUE,1,0.0109999999999957
24,999,0.001,TRUE,1,0.0130000000000052
24,4999,2e-04,TRUE,1,0.025999999999982
25,99,0.01,TRUE,2,0.0120000000000005
25,199,0.005,TRUE,2,0.0120000000000005
25,999,0.001,TRUE,2,0.01400000000001
25,4999,2e-04,TRUE,2,0.0250000000000057
26,99,0.01,TRUE,0,0.0109999999999957
26,199,0.005,TRUE,0,0.0100000000000193
26,999,0.001,TRUE,0,0.0130000000000052
26,4999,2e-04,TRUE,0,0.0249999999999773
27,99,0.01,TRUE,0,0.0120000000000005
27,199,0.005,TRUE,0,0.0120000000000005
27,999,0.001,TRUE,0,0.0139999999999816
27,4999,2e-04,TRUE,0,0.0270000000000152
28,99,0.01,TRUE,2,0.0109999999999957
28,199,0.005,TRUE,2,0.0109999999999957
28,999,0.001,TRUE,2,0.01400000000001
28,4999,2e-04,TRUE,2,0.0269999999999868
29,99,0.01,TRUE,0,0.0120000000000005
29,199,0.005,TRUE,0,0.0120000000000005
29,999,0.001,TRUE,0,0.0150000000000148
29,4999,2e-04,TRUE,0,0.0270000000000152
30,99,0.01,TRUE,2,0.0130000000000052
30,199,0.005,TRUE,2,0.0130000000000052
30,999,0.001,TRUE,2,0.0180000000000007
30,4999,2e-04,TRUE,2,0.025999999999982
31,99,0.02,TRUE,0,0.0109999999999957
31,199,0.015,TRUE,0,0.0109999999999957
31,999,0.01,TRUE,0,0.01400000000001
31,4999,0.0086,TRUE,0,0.0260000000000105
32,99,0.01,TRUE,1,0.011999999999972
32,199,0.005,TRUE,1,0.0120000000000005
32,999,0.001,TRUE,1,0.0149999999999864
32,4999,2e-04,TRUE,1,0.0269999999999868
33,99,0.01,TRUE,3,0.0130000000000052
33,199,0.005,TRUE,3,0.0130000000000052
33,999,0.001,TRUE,3,0.0160000000000196
33,4999,2e-04,TRUE,3,0.0279999999999916
34,99,0.01,TRUE,0,0.0120000000000005
34,199,0.005,TRUE,0,0.0130000000000052
34,999,0.001,TRUE,0,0.0159999999999911
34,4999,2e-04,TRUE,0,0.0269999999999868
35,99,0.01,TRUE,1,0.0120000000000005
35,199,0.005,TRUE,1,0.0120000000000005
35,999,0.001,TRUE,1,0.0139999999999816
35,4999,2e-04,TRUE,1,0.025999999999982
36,99,0.01,TRUE,1,0.0120000000000005
36,199,0.005,TRUE,1,0.0129999999999768
36,999,0.001,TRUE,1,0.01400000000001
36,4999,2e-04,TRUE,1,0.0270000000000152
37,99,0.01,TRUE,3,0.0120000000000005
37,199,0.005,TRUE,3,0.0120000000000005
37,999,0.001,TRUE,3,0.01400000000001
37,4999,2e-04,TRUE,3,0.0260000000000105
38,99,0.01,TRUE,1,0.0120000000000005
38,199,0.015,TRUE,1,0.0120000000000005
38,999,0.004,TRUE,1,0.01400000000001
38,4999,0.0038,TRUE,1,0.0260000000000105
39,99,0.01,TRUE,1,0.0110000000000241
39,199,0.005,TRUE,1,0.0120000000000005
39,999,0.001,TRUE,1,0.0139999999999816
39,4999,2e-04,TRUE,1,0.0260000000000105
40,99,0.01,TRUE,1,0.0120000000000005
40,199,0.005,TRUE,1,0.0120000000000005
40,999,0.001,TRUE,1,0.01400000000001
40,4999,2e-04,TRUE,1,0.0260000000000105
41,99,0.01,TRUE,0,0.0120000000000005
41,199,0.005,TRUE,0,0.0109999999999957
41,999,0.001,TRUE,0,0.0150000000000148
41,4999,2e-04,TRUE,0,0.02800000000002
42,99,0.01,TRUE,1,0.0120000000000005
42,199,0.005,TRUE,1,0.0130000000000052
42,999,0.001,TRUE,1,0.0149999999999864
42,4999,4e-04,TRUE,1,0.0589999999999975
43,99,0.01,TRUE,2,0.011999999999972
43,199,0.005,TRUE,2,0.0120000000000005
43,999,0.001,TRUE,2,0.0130000000000052
43,4999,2e-04,TRUE,2,0.025999999999982
44,99,0.01,TRUE,1,0.0109999999999957
44,199,0.005,TRUE,1,0.0109999999999957
44,999,0.001,TRUE,1,0.01400000000001
44,4999,2e-04,TRUE,1,0.0250000000000057
45,99,0.01,TRUE,1,0.0120000000000005
45,199,0.005,TRUE,1,0.0120000000000005
45,999,0.001,TRUE,1,0.0139999999999816
45,4999,2e-04,TRUE,1,0.0260000000000105
46,99,0.01,TRUE,2,0.0120000000000005
46,199,0.005,TRUE,2,0.0120000000000005
46,999,0.001,TRUE,2,0.01400000000001
46,4999,2e-04,TRUE,2,0.0260000000000105
47,99,0.01,TRUE,3,0.0120000000000005
47,199,0.005,TRUE,3,0.0109999999999957
47,999,0.001,TRUE,3,0.0149999999999864
47,4999,2e-04,TRUE,3,0.0260000000000105
48,99,0.01,TRUE,2,0.0120000000000005
48,199,0.005,TRUE,2,0.0120000000000005
48,999,0.001,TRUE,2,0.01400000000001
48,4999,2e-04,TRUE,2,0.0270000000000152
49,99,0.01,TRUE,2,0.0110000000000241
49,199,0.005,TRUE,2,0.0120000000000005
49,999,0.001,TRUE,2,0.0149999999999864
49,4999,2e-04,TRUE,2,0.025999999999982
50,99,0.01,TRUE,1,0.0120000000000005
50,199,0.005,TRUE,1,0.0120000000000005
50,999,0.001,TRUE,1,0.0150000000000148
50,4999,2e-04,TRUE,1,0.0270000000000152
51,99,0.01,TRUE,0,0.0130000000000052
51,199,0.005,TRUE,0,0.0120000000000005
51,999,0.001,TRUE,0,0.0149999999999864
51,4999,4e-04,TRUE,0,0.0260000000000105
52,99,0.01,TRUE,3,0.0109999999999957
52,199,0.005,TRUE,3,0.0109999999999957
52,999,0.001,TRUE,3,0.01400000000001
52,4999,2e-04,TRUE,3,0.025999999999982
53,99,0.01,TRUE,0,0.0120000000000005
53,199,0.005,TRUE,0,0.0120000000000005
53,999,0.001,TRUE,0,0.0139999999999816
53,4999,6e-04,TRUE,0,0.0260000000000105
54,99,0.01,TRUE,1,0.0109999999999957
54,199,0.005,TRUE,1,0.0109999999999957
54,999,0.001,TRUE,1,0.01400000000001
54,4999,2e-04,TRUE,1,0.025999999999982
55,99,0.01,TRUE,1,0.0120000000000005
55,199,0.005,TRUE,1,0.0120000000000005
55,999,0.001,TRUE,1,0.0149999999999864
55,4999,2e-04,TRUE,1,0.0260000000000105
56,99,0.01,TRUE,1,0.0120000000000005
56,199,0.01,TRUE,1,0.0120000000000005
56,999,0.001,TRUE,1,0.0150000000000148
56,4999,8e-04,TRUE,1,0.0260000000000105
57,99,0.01,TRUE,2,0.0110000000000241
57,199,0.005,TRUE,2,0.0120000000000005
57,999,0.001,TRUE,2,0.0149999999999864
57,4999,2e-04,TRUE,2,0.0289999999999964
58,99,0.01,TRUE,1,0.0130000000000052
58,199,0.005,TRUE,1,0.0129999999999768
58,999,0.001,TRUE,1,0.0169999999999959
58,4999,2e-04,TRUE,1,0.0279999999999916
59,99,0.01,TRUE,1,0.0130000000000052
59,199,0.005,TRUE,1,0.0120000000000005
59,999,0.001,TRUE,1,0.0150000000000148
59,4999,2e-04,TRUE,1,0.0270000000000152
60,99,0.01,TRUE,0,0.0130000000000052
60,199,0.005,TRUE,0,0.0130000000000052
60,999,0.001,TRUE,0,0.0159999999999911
60,4999,2e-04,TRUE,0,0.0599999999999739
61,99,0.01,TRUE,1,0.0130000000000052
61,199,0.005,TRUE,1,0.0120000000000005
61,999,0.001,TRUE,1,0.0149999999999864
61,4999,2e-04,TRUE,1,0.0260000000000105
62,99,0.01,TRUE,2,0.0120000000000005
62,199,0.005,TRUE,2,0.0130000000000052
62,999,0.001,TRUE,2,0.0159999999999911
62,4999,2e-04,TRUE,2,0.0260000000000105
63,99,0.02,TRUE,0,0.0120000000000005
63,199,0.02,TRUE,0,0.0120000000000005
63,999,0.008,TRUE,0,0.0150000000000148
63,4999,0.01,TRUE,0,0.0270000000000152
64,99,0.01,TRUE,3,0.0120000000000005
64,199,0.005,TRUE,3,0.0120000000000005
64,999,0.001,TRUE,3,0.0150000000000148
64,4999,2e-04,TRUE,3,0.0260000000000105
65,99,0.01,TRUE,0,0.0130000000000052
65,199,0.005,TRUE,0,0.0120000000000005
65,999,0.001,TRUE,0,0.0150000000000148
65,4999,2e-04,TRUE,0,0.0260000000000105
66,99,0.01,TRUE,1,0.0120000000000005
66,199,0.005,TRUE,1,0.0120000000000005
66,999,0.002,TRUE,1,0.0149999999999864
66,4999,4e-04,TRUE,1,0.025999999999982
67,99,0.01,TRUE,2,0.0120000000000005
67,199,0.005,TRUE,2,0.0120000000000005
67,999,0.001,TRUE,2,0.0149999999999864
67,4999,2e-04,TRUE,2,0.025999999999982
68,99,0.02,TRUE,1,0.0120000000000005
68,199,0.005,TRUE,1,0.0120000000000005
68,999,0.006,TRUE,1,0.01400000000001
68,4999,0.0034,TRUE,1,0.0260000000000105
69,99,0.01,TRUE,1,0.0120000000000005
69,199,0.005,TRUE,1,0.0129999999999768
69,999,0.001,TRUE,1,0.0159999999999911
69,4999,2e-04,TRUE,1,0.0270000000000152
70,99,0.01,TRUE,0,0.0109999999999957
70,199,0.005,TRUE,0,0.0120000000000005
70,999,0.001,TRUE,0,0.01400000000001
70,4999,2e-04,TRUE,0,0.0270000000000152
71,99,0.02,TRUE,0,0.0120000000000005
71,199,0.005,TRUE,0,0.0120000000000005
71,999,0.001,TRUE,0,0.0149999999999864
71,4999,4e-04,TRUE,0,0.0269999999999868
72,99,0.01,TRUE,2,0.0129999999999768
72,199,0.005,TRUE,2,0.0120000000000005
72,999,0.001,TRUE,2,0.01400000000001
72,4999,2e-04,TRUE,2,0.02800000000002
73,99,0.01,TRUE,2,0.0120000000000005
73,199,0.005,TRUE,2,0.0129999999999768
73,999,0.001,TRUE,2,0.0159999999999911
73,4999,2e-04,TRUE,2,0.0269999999999868
74,99,0.01,TRUE,1,0.0120000000000005
74,199,0.01,TRUE,1,0.0120000000000005
74,999,0.003,TRUE,1,0.0149999999999864
74,4999,0.001,TRUE,1,0.0260000000000105
75,99,0.01,TRUE,2,0.0120000000000005
75,199,0.005,TRUE,2,0.0120000000000005
75,999,0.001,TRUE,2,0.0149999999999864
75,4999,2e-04,TRUE,2,0.0279999999999916
76,99,0.02,TRUE,0,0.0120000000000005
76,199,0.025,TRUE,0,0.0120000000000005
76,999,0.023,TRUE,0,0.0149999999999864
76,4999,0.0212,TRUE,0,0.0269999999999868
77,99,0.01,TRUE,3,0.0120000000000005
77,199,0.005,TRUE,3,0.0120000000000005
77,999,0.001,TRUE,3,0.0149999999999864
77,4999,2e-04,TRUE,3,0.0260000000000105
78,99,0.01,TRUE,2,0.0120000000000005
78,199,0.005,TRUE,2,0.0120000000000005
78,999,0.001,TRUE,2,0.0150000000000148
78,4999,2e-04,TRUE,2,0.0529999999999973
79,99,0.01,TRUE,2,0.0120000000000005
79,199,0.005,TRUE,2,0.0110000000000241
79,999,0.001,TRUE,2,0.01400000000001
79,4999,2e-04,TRUE,2,0.0250000000000057
80,99,0.01,TRUE,2,0.0120000000000005
80,199,0.005,TRUE,2,0.0120000000000005
80,999,0.001,TRUE,2,0.0149999999999864
80,4999,2e-04,TRUE,2,0.025999999999982
81,99,0.01,TRUE,1,0.0109999999999957
81,199,0.005,TRUE,1,0.0109999999999957
81,999,0.001,TRUE,1,0.01400000000001
81,4999,2e-04,TRUE,1,0.0260000000000105
82,99,0.01,TRUE,1,0.0120000000000005
82,199,0.005,TRUE,1,0.0120000000000005
82,999,0.001,TRUE,1,0.0149999999999864
82,4999,2e-04,TRUE,1,0.025999999999982
83,99,0.01,TRUE,3,0.0109999999999957
83,199,0.005,TRUE,3,0.0109999999999957
83,999,0.001,TRUE,3,0.01400000000001
83,4999,2e-04,TRUE,3,0.0250000000000057
84,99,0.01,TRUE,2,0.0120000000000005
84,199,0.005,TRUE,2,0.0120000000000005
84,999,0.001,TRUE,2,0.0150000000000148
84,4999,2e-04,TRUE,2,0.0279999999999916
85,99,0.01,TRUE,2,0.0130000000000052
85,199,0.005,TRUE,2,0.0120000000000005
85,999,0.001,TRUE,2,0.0150000000000148
85,4999,2e-04,TRUE,2,0.0260000000000105
86,99,0.01,TRUE,0,0.0120000000000005
86,199,0.005,TRUE,0,0.0120000000000005
86,999,0.001,TRUE,0,0.0149999999999864
86,4999,2e-04,TRUE,0,0.025999999999982
87,99,0.01,TRUE,0,0.0120000000000005
87,199,0.005,TRUE,0,0.0109999999999957
87,999,0.001,TRUE,0,0.01400000000001
87,4999,2e-04,TRUE,0,0.0269999999999868
88,99,0.01,TRUE,1,0.0129999999999768
88,199,0.005,TRUE,1,0.0120000000000005
88,999,0.001,TRUE,1,0.0150000000000148
88,4999,6e-04,TRUE,1,0.0260000000000105
89,99,0.01,TRUE,5,0.0130000000000052
89,199,0.005,TRUE,5,0.0120000000000005
89,999,0.001,TRUE,5,0.01400000000001
89,4999,2e-04,TRUE,5,0.0250000000000057
90,99,0.01,TRUE,1,0.0109999999999957
90,199,0.005,TRUE,1,0.0109999999999957
90,999,0.001,TRUE,1,0.0129999999999768
90,4999,2e-04,TRUE,1,0.0260000000000105
91,99,0.01,TRUE,1,0.0109999999999957
91,199,0.005,TRUE,1,0.0120000000000005
91,999,0.001,TRUE,1,0.0150000000000148
91,4999,2e-04,TRUE,1,0.0260000000000105
92,99,0.05,TRUE,0,0.0110000000000241
92,199,0.035,TRUE,0,0.0109999999999957
92,999,0.039,TRUE,0,0.0139999999999816
92,4999,0.037,TRUE,0,0.0260000000000105
93,99,0.01,TRUE,2,0.0120000000000005
93,199,0.005,TRUE,2,0.0129999999999768
93,999,0.003,TRUE,2,0.0150000000000148
93,4999,2e-04,TRUE,2,0.0260000000000105
94,99,0.01,TRUE,0,0.0120000000000005
94,199,0.005,TRUE,0,0.0120000000000005
94,999,0.003,TRUE,0,0.01400000000001
94,4999,0.0018,TRUE,0,0.025999999999982
95,99,0.01,TRUE,1,0.0120000000000005
95,199,0.005,TRUE,1,0.0120000000000005
95,999,0.001,TRUE,1,0.0139999999999816
95,4999,2e-04,TRUE,1,0.025999999999982
96,99,0.01,TRUE,1,0.0120000000000005
96,199,0.005,TRUE,1,0.0120000000000005
96,999,0.001,TRUE,1,0.01400000000001
96,4999,2e-04,TRUE,1,0.0529999999999973
97,99,0.01,TRUE,0,0.0120000000000005
97,199,0.005,TRUE,0,0.0120000000000005
97,999,0.001,TRUE,0,0.01400000000001
97,4999,6e-04,TRUE,0,0.0250000000000057
98,99,0.01,TRUE,2,0.0109999999999957
98,199,0.005,TRUE,2,0.0109999999999957
98,999,0.001,TRUE,2,0.01400000000001
98,4999,2e-04,TRUE,2,0.0260000000000105
99,99,0.01,TRUE,1,0.0120000000000005
99,199,0.005,TRUE,1,0.0120000000000005
99,999,0.001,TRUE,1,0.0149999999999864
99,4999,2e-04,TRUE,1,0.0269999999999868
100,99,0.01,TRUE,0,0.0109999999999957
100,199,0.005,TRUE,0,0.0109999999999957
100,999,0.002,TRUE,0,0.01400000000001
100,4999,2e-04,TRUE,0,0.0260000000000105
101,99,0.01,TRUE,2,0.0120000000000005
101,199,0.005,TRUE,2,0.0109999999999957
101,999,0.001,TRUE,2,0.01400000000001
101,4999,2e-04,TRUE,2,0.0249999999999773
102,99,0.01,TRUE,1,0.0120000000000005
102,199,0.005,TRUE,1,0.0120000000000005
102,999,0.001,TRUE,1,0.01400000000001
102,4999,6e-04,TRUE,1,0.0270000000000152
103,99,0.01,TRUE,2,0.0120000000000005
103,199,0.005,TRUE,2,0.0120000000000005
103,999,0.001,TRUE,2,0.01400000000001
103,4999,2e-04,TRUE,2,0.025999999999982
104,99,0.01,TRUE,3,0.0109999999999957
104,199,0.005,TRUE,3,0.0110000000000241
104,999,0.001,TRUE,3,0.01400000000001
104,4999,2e-04,TRUE,3,0.0260000000000105
105,99,0.01,TRUE,1,0.0120000000000005
105,199,0.005,TRUE,1,0.0130000000000052
105,999,0.001,TRUE,1,0.01400000000001
105,4999,2e-04,TRUE,1,0.02800000000002
106,99,0.01,TRUE,0,0.0120000000000005
106,199,0.005,TRUE,0,0.0129999999999768
106,999,0.001,TRUE,0,0.0150000000000148
106,4999,2e-04,TRUE,0,0.0270000000000152
107,99,0.01,TRUE,1,0.0120000000000005
107,199,0.005,TRUE,1,0.0129999999999768
107,999,0.002,TRUE,1,0.0150000000000148
107,4999,4e-04,TRUE,1,0.0269999999999868
108,99,0.01,TRUE,2,0.0120000000000005
108,199,0.005,TRUE,2,0.0120000000000005
108,999,0.001,TRUE,2,0.01400000000001
108,4999,2e-04,TRUE,2,0.0270000000000152
109,99,0.01,TRUE,3,0.0120000000000005
109,199,0.005,TRUE,3,0.0129999999999768
109,999,0.001,TRUE,3,0.0149999999999864
109,4999,2e-04,TRUE,3,0.0269999999999868
110,99,0.01,TRUE,2,0.0120000000000005
110,199,0.005,TRUE,2,0.0120000000000005
110,999,0.001,TRUE,2,0.01400000000001
110,4999,2e-04,TRUE,2,0.0270000000000152
111,99,0.01,TRUE,3,0.0120000000000005
111,199,0.005,TRUE,3,0.0130000000000052
111,999,0.001,TRUE,3,0.0139999999999816
111,4999,2e-04,TRUE,3,0.0269999999999868
112,99,0.01,TRUE,1,0.0120000000000005
112,199,0.005,TRUE,1,0.0130000000000052
112,999,0.001,TRUE,1,0.0139999999999816
112,4999,2e-04,TRUE,1,0.025999999999982
113,99,0.01,TRUE,0,0.0109999999999957
113,199,0.005,TRUE,0,0.0120000000000005
113,999,0.001,TRUE,0,0.01400000000001
113,4999,2e-04,TRUE,0,0.02800000000002
114,99,0.01,TRUE,2,0.0120000000000005
114,199,0.005,TRUE,2,0.0139999999999816
114,999,0.001,TRUE,2,0.0149999999999864
114,4999,2e-04,TRUE,2,0.0609999999999786
115,99,0.01,TRUE,1,0.0120000000000005
115,199,0.005,TRUE,1,0.0130000000000052
115,999,0.001,TRUE,1,0.0139999999999816
115,4999,2e-04,TRUE,1,0.0269999999999868
116,99,0.01,TRUE,4,0.0120000000000005
116,199,0.005,TRUE,4,0.0120000000000005
116,999,0.001,TRUE,4,0.01400000000001
116,4999,2e-04,TRUE,4,0.0270000000000152
117,99,0.01,TRUE,1,0.0110000000000241
117,199,0.005,TRUE,1,0.0120000000000005
117,999,0.001,TRUE,1,0.01400000000001
117,4999,2e-04,TRUE,1,0.025999999999982
118,99,0.01,TRUE,1,0.0120000000000005
118,199,0.01,TRUE,1,0.0120000000000005
118,999,0.004,TRUE,1,0.0139999999999816
118,4999,0.0038,TRUE,1,0.0269999999999868
119,99,0.01,TRUE,0,0.0109999999999957
119,199,0.005,TRUE,0,0.0120000000000005
119,999,0.001,TRUE,0,0.01400000000001
119,4999,2e-04,TRUE,0,0.0260000000000105
120,99,0.01,TRUE,0,0.0120000000000005
120,199,0.005,TRUE,0,0.0120000000000005
120,999,0.001,TRUE,0,0.0139999999999816
120,4999,2e-04,TRUE,0,0.0279999999999916
121,99,0.01,TRUE,0,0.0120000000000005
121,199,0.005,TRUE,0,0.0120000000000005
121,999,0.001,TRUE,0,0.0139999999999816
121,4999,2e-04,TRUE,0,0.025999999999982
122,99,0.01,TRUE,2,0.0120000000000005
122,199,0.005,TRUE,2,0.0130000000000052
122,999,0.001,TRUE,2,0.0149999999999864
122,4999,2e-04,TRUE,2,0.0279999999999916
123,99,0.01,TRUE,2,0.0120000000000005
123,199,0.005,TRUE,2,0.0120000000000005
123,999,0.001,TRUE,2,0.0139999999999816
123,4999,2e-04,TRUE,2,0.0269999999999868
124,99,0.01,TRUE,4,0.0120000000000005
124,199,0.005,TRUE,4,0.0120000000000005
124,999,0.001,TRUE,4,0.0149999999999864
124,4999,2e-04,TRUE,4,0.0260000000000105
125,99,0.01,TRUE,2,0.0120000000000005
125,199,0.005,TRUE,2,0.0120000000000005
125,999,0.001,TRUE,2,0.0150000000000148
125,4999,2e-04,TRUE,2,0.0260000000000105
126,99,0.01,TRUE,0,0.0120000000000005
126,199,0.005,TRUE,0,0.0120000000000005
126,999,0.001,TRUE,0,0.01400000000001
126,4999,2e-04,TRUE,0,0.0270000000000152
127,99,0.01,TRUE,0,0.0120000000000005
127,199,0.005,TRUE,0,0.0109999999999957
127,999,0.001,TRUE,0,0.01400000000001
127,4999,4e-04,TRUE,0,0.025999999999982
128,99,0.01,TRUE,2,0.0120000000000005
128,199,0.005,TRUE,2,0.0120000000000005
128,999,0.001,TRUE,2,0.0149999999999864
128,4999,2e-04,TRUE,2,0.025999999999982
129,99,0.01,TRUE,3,0.0109999999999957
129,199,0.005,TRUE,3,0.0110000000000241
129,999,0.001,TRUE,3,0.0150000000000148
129,4999,2e-04,TRUE,3,0.0260000000000105
130,99,0.01,TRUE,1,0.0109999999999957
130,199,0.005,TRUE,1,0.0120000000000005
130,999,0.001,TRUE,1,0.01400000000001
130,4999,2e-04,TRUE,1,0.0260000000000105
131,99,0.01,TRUE,1,0.0120000000000005
131,199,0.005,TRUE,1,0.0120000000000005
131,999,0.002,TRUE,1,0.0139999999999816
131,4999,2e-04,TRUE,1,0.0250000000000057
132,99,0.06,FALSE,0,0.0120000000000005
132,199,0.05,TRUE,0,0.0120000000000005
132,999,0.044,TRUE,0,0.01400000000001
132,4999,0.0302,TRUE,0,0.0529999999999973
133,99,0.01,TRUE,1,0.0109999999999957
133,199,0.005,TRUE,1,0.0109999999999957
133,999,0.001,TRUE,1,0.0130000000000052
133,4999,2e-04,TRUE,1,0.0250000000000057
134,99,0.01,TRUE,0,0.0120000000000005
134,199,0.005,TRUE,0,0.0120000000000005
134,999,0.001,TRUE,0,0.0149999999999864
134,4999,2e-04,TRUE,0,0.0260000000000105
135,99,0.01,TRUE,2,0.0120000000000005
135,199,0.005,TRUE,2,0.0120000000000005
135,999,0.001,TRUE,2,0.01400000000001
135,4999,2e-04,TRUE,2,0.0249999999999773
136,99,0.01,TRUE,0,0.0120000000000005
136,199,0.005,TRUE,0,0.0120000000000005
136,999,0.001,TRUE,0,0.01400000000001
136,4999,2e-04,TRUE,0,0.0250000000000057
137,99,0.01,TRUE,1,0.0120000000000005
137,199,0.005,TRUE,1,0.0120000000000005
137,999,0.001,TRUE,1,0.0159999999999911
137,4999,6e-04,TRUE,1,0.0260000000000105
138,99,0.01,TRUE,0,0.0120000000000005
138,199,0.005,TRUE,0,0.0120000000000005
138,999,0.001,TRUE,0,0.01400000000001
138,4999,2e-04,TRUE,0,0.0260000000000105
139,99,0.01,TRUE,2,0.0120000000000005
139,199,0.005,TRUE,2,0.0109999999999957
139,999,0.001,TRUE,2,0.01400000000001
139,4999,2e-04,TRUE,2,0.0250000000000057
140,99,0.01,TRUE,0,0.0120000000000005
140,199,0.005,TRUE,0,0.0109999999999957
140,999,0.001,TRUE,0,0.0139999999999816
140,4999,2e-04,TRUE,0,0.025999999999982
141,99,0.01,TRUE,0,0.0130000000000052
141,199,0.005,TRUE,0,0.0120000000000005
141,999,0.001,TRUE,0,0.0150000000000148
141,4999,2e-04,TRUE,0,0.0260000000000105
142,99,0.01,TRUE,1,0.0109999999999957
142,199,0.005,TRUE,1,0.0109999999999957
142,999,0.001,TRUE,1,0.01400000000001
142,4999,2e-04,TRUE,1,0.0249999999999773
143,99,0.01,TRUE,2,0.0109999999999957
143,199,0.005,TRUE,2,0.0109999999999957
143,999,0.001,TRUE,2,0.0130000000000052
143,4999,2e-04,TRUE,2,0.0240000000000009
144,99,0.01,TRUE,2,0.0109999999999957
144,199,0.005,TRUE,2,0.0110000000000241
144,999,0.001,TRUE,2,0.01400000000001
144,4999,2e-04,TRUE,2,0.0260000000000105
145,99,0.01,TRUE,0,0.0120000000000005
145,199,0.01,TRUE,0,0.0120000000000005
145,999,0.004,TRUE,0,0.0150000000000148
145,4999,0.0026,TRUE,0,0.025999999999982
146,99,0.01,TRUE,1,0.0120000000000005
146,199,0.005,TRUE,1,0.0130000000000052
146,999,0.001,TRUE,1,0.0139999999999816
146,4999,2e-04,TRUE,1,0.0269999999999868
147,99,0.01,TRUE,0,0.0120000000000005
147,199,0.005,TRUE,0,0.0120000000000005
147,999,0.001,TRUE,0,0.0130000000000052
147,4999,2e-04,TRUE,0,0.025999999999982
148,99,0.01,TRUE,1,0.0109999999999957
148,199,0.005,TRUE,1,0.0120000000000005
148,999,0.001,TRUE,1,0.0130000000000052
148,4999,2e-04,TRUE,1,0.0260000000000105
149,99,0.01,TRUE,1,0.0120000000000005
149,199,0.005,TRUE,1,0.0120000000000005
149,999,0.001,TRUE,1,0.0160000000000196
149,4999,2e-04,TRUE,1,0.0279999999999916
150,99,0.01,TRUE,1,0.0139999999999816
150,199,0.005,TRUE,1,0.0149999999999864
150,999,0.001,TRUE,1,0.049999999999983
150,4999,2e-04,TRUE,1,0.0260000000000105
151,99,0.01,TRUE,1,0.0120000000000005
151,199,0.005,TRUE,1,0.0129999999999768
151,999,0.001,TRUE,1,0.0159999999999911
151,4999,2e-04,TRUE,1,0.0260000000000105
152,99,0.01,TRUE,1,0.0120000000000005
152,199,0.005,TRUE,1,0.0120000000000005
152,999,0.001,TRUE,1,0.01400000000001
152,4999,2e-04,TRUE,1,0.025999999999982
153,99,0.01,TRUE,0,0.0109999999999957
153,199,0.005,TRUE,0,0.0120000000000005
153,999,0.001,TRUE,0,0.0150000000000148
153,4999,2e-04,TRUE,0,0.0260000000000105
154,99,0.01,TRUE,1,0.0120000000000005
154,199,0.005,TRUE,1,0.0120000000000005
154,999,0.002,TRUE,1,0.0149999999999864
154,4999,0.0014,TRUE,1,0.0249999999999773
155,99,0.01,TRUE,1,0.0120000000000005
155,199,0.005,TRUE,1,0.0120000000000005
155,999,0.001,TRUE,1,0.01400000000001
155,4999,0.0014,TRUE,1,0.0260000000000105
156,99,0.01,TRUE,1,0.0120000000000005
156,199,0.005,TRUE,1,0.0120000000000005
156,999,0.001,TRUE,1,0.0159999999999911
156,4999,2e-04,TRUE,1,0.0270000000000152
157,99,0.02,TRUE,0,0.0120000000000005
157,199,0.005,TRUE,0,0.0130000000000052
157,999,0.004,TRUE,0,0.01400000000001
157,4999,0.0056,TRUE,0,0.0270000000000152
158,99,0.01,TRUE,1,0.0120000000000005
158,199,0.005,TRUE,1,0.0130000000000052
158,999,0.001,TRUE,1,0.0149999999999864
158,4999,2e-04,TRUE,1,0.0300000000000011
159,99,0.01,TRUE,0,0.0130000000000052
159,199,0.005,TRUE,0,0.0139999999999816
159,999,0.001,TRUE,0,0.0159999999999911
159,4999,2e-04,TRUE,0,0.0269999999999868
160,99,0.01,TRUE,0,0.0120000000000005
160,199,0.01,TRUE,0,0.0120000000000005
160,999,0.001,TRUE,0,0.0139999999999816
160,4999,0.0024,TRUE,0,0.0269999999999868
161,99,0.01,TRUE,2,0.0120000000000005
161,199,0.005,TRUE,2,0.0120000000000005
161,999,0.001,TRUE,2,0.01400000000001
161,4999,2e-04,TRUE,2,0.0260000000000105
162,99,0.01,TRUE,2,0.0120000000000005
162,199,0.005,TRUE,2,0.0109999999999957
162,999,0.001,TRUE,2,0.0150000000000148
162,4999,2e-04,TRUE,2,0.0260000000000105
163,99,0.01,TRUE,2,0.0120000000000005
163,199,0.005,TRUE,2,0.0120000000000005
163,999,0.001,TRUE,2,0.0149999999999864
163,4999,2e-04,TRUE,2,0.025999999999982
164,99,0.01,TRUE,1,0.0109999999999957
164,199,0.005,TRUE,1,0.0110000000000241
164,999,0.001,TRUE,1,0.01400000000001
164,4999,2e-04,TRUE,1,0.0250000000000057
165,99,0.01,TRUE,0,0.0110000000000241
165,199,0.005,TRUE,0,0.0109999999999957
165,999,0.001,TRUE,0,0.0149999999999864
165,4999,2e-04,TRUE,0,0.025999999999982
166,99,0.01,TRUE,0,0.0120000000000005
166,199,0.005,TRUE,0,0.0120000000000005
166,999,0.001,TRUE,0,0.0139999999999816
166,4999,2e-04,TRUE,0,0.0269999999999868
167,99,0.01,TRUE,0,0.0120000000000005
167,199,0.025,TRUE,0,0.0130000000000052
167,999,0.016,TRUE,0,0.0149999999999864
167,4999,0.008,TRUE,0,0.0269999999999868
168,99,0.01,TRUE,2,0.0120000000000005
168,199,0.005,TRUE,2,0.0130000000000052
168,999,0.001,TRUE,2,0.01400000000001
168,4999,2e-04,TRUE,2,0.0260000000000105
169,99,0.01,TRUE,2,0.011999999999972
169,199,0.005,TRUE,2,0.0120000000000005
169,999,0.001,TRUE,2,0.01400000000001
169,4999,2e-04,TRUE,2,0.025999999999982
170,99,0.01,TRUE,2,0.0109999999999957
170,199,0.005,TRUE,2,0.0120000000000005
170,999,0.001,TRUE,2,0.01400000000001
170,4999,2e-04,TRUE,2,0.0260000000000105
171,99,0.01,TRUE,0,0.0109999999999957
171,199,0.005,TRUE,0,0.0120000000000005
171,999,0.005,TRUE,0,0.0139999999999816
171,4999,0.0042,TRUE,0,0.0260000000000105
172,99,0.04,TRUE,1,0.0120000000000005
172,199,0.005,TRUE,1,0.0130000000000052
172,999,0.01,TRUE,1,0.0150000000000148
172,4999,0.01,TRUE,1,0.0260000000000105
173,99,0.02,TRUE,0,0.0110000000000241
173,199,0.035,TRUE,0,0.0109999999999957
173,999,0.003,TRUE,0,0.0130000000000052
173,4999,0.0116,TRUE,0,0.0270000000000152
174,99,0.01,TRUE,1,0.0109999999999957
174,199,0.005,TRUE,1,0.0120000000000005
174,999,0.001,TRUE,1,0.01400000000001
174,4999,2e-04,TRUE,1,0.0260000000000105
175,99,0.01,TRUE,1,0.0120000000000005
175,199,0.005,TRUE,1,0.0120000000000005
175,999,0.001,TRUE,1,0.0150000000000148
175,4999,2e-04,TRUE,1,0.0260000000000105
176,99,0.01,TRUE,2,0.0110000000000241
176,199,0.005,TRUE,2,0.0120000000000005
176,999,0.001,TRUE,2,0.0139999999999816
176,4999,2e-04,TRUE,2,0.0269999999999868
177,99,0.01,TRUE,2,0.0120000000000005
177,199,0.005,TRUE,2,0.0109999999999957
177,999,0.001,TRUE,2,0.01400000000001
177,4999,2e-04,TRUE,2,0.0260000000000105
178,99,0.01,TRUE,1,0.0129999999999768
178,199,0.005,TRUE,1,0.0120000000000005
178,999,0.001,TRUE,1,0.0149999999999864
178,4999,2e-04,TRUE,1,0.025999999999982
179,99,0.01,TRUE,1,0.0120000000000005
179,199,0.005,TRUE,1,0.0109999999999957
179,999,0.001,TRUE,1,0.0139999999999816
179,4999,2e-04,TRUE,1,0.0269999999999868
180,99,0.01,TRUE,0,0.0130000000000052
180,199,0.005,TRUE,0,0.01400000000001
180,999,0.001,TRUE,0,0.0160000000000196
180,4999,2e-04,TRUE,0,0.02800000000002
181,99,0.01,TRUE,0,0.0130000000000052
181,199,0.005,TRUE,0,0.0130000000000052
181,999,0.001,TRUE,0,0.0159999999999911
181,4999,0.0012,TRUE,0,0.0269999999999868
182,99,0.01,TRUE,1,0.0109999999999957
182,199,0.005,TRUE,1,0.0120000000000005
182,999,0.001,TRUE,1,0.0139999999999816
182,4999,2e-04,TRUE,1,0.025999999999982
183,99,0.01,TRUE,1,0.0130000000000052
183,199,0.005,TRUE,1,0.0130000000000052
183,999,0.001,TRUE,1,0.0149999999999864
183,4999,2e-04,TRUE,1,0.0279999999999916
184,99,0.01,TRUE,2,0.0120000000000005
184,199,0.005,TRUE,2,0.0130000000000052
184,999,0.001,TRUE,2,0.01400000000001
184,4999,2e-04,TRUE,2,0.0270000000000152
185,99,0.01,TRUE,0,0.0120000000000005
185,199,0.015,TRUE,0,0.0130000000000052
185,999,0.007,TRUE,0,0.0150000000000148
185,4999,0.0074,TRUE,0,0.0320000000000107
186,99,0.01,TRUE,3,0.0169999999999959
186,199,0.005,TRUE,3,0.0130000000000052
186,999,0.001,TRUE,3,0.0149999999999864
186,4999,2e-04,TRUE,3,0.0269999999999868
187,99,0.01,TRUE,1,0.0120000000000005
187,199,0.01,TRUE,1,0.0130000000000052
187,999,0.003,TRUE,1,0.0160000000000196
187,4999,0.0022,TRUE,1,0.0270000000000152
188,99,0.01,TRUE,0,0.0120000000000005
188,199,0.005,TRUE,0,0.0129999999999768
188,999,0.001,TRUE,0,0.0150000000000148
188,4999,2e-04,TRUE,0,0.0279999999999916
189,99,0.01,TRUE,3,0.0130000000000052
189,199,0.005,TRUE,3,0.0130000000000052
189,999,0.001,TRUE,3,0.0159999999999911
189,4999,2e-04,TRUE,3,0.02800000000002
190,99,0.01,TRUE,2,0.0150000000000148
190,199,0.005,TRUE,2,0.0150000000000148
190,999,0.001,TRUE,2,0.0229999999999961
190,4999,2e-04,TRUE,2,0.0300000000000011
191,99,0.01,TRUE,2,0.01400000000001
191,199,0.005,TRUE,2,0.0130000000000052
191,999,0.001,TRUE,2,0.0159999999999911
191,4999,2e-04,TRUE,2,0.032999999999987
192,99,0.01,TRUE,1,0.0129999999999768
192,199,0.005,TRUE,1,0.0120000000000005
192,999,0.002,TRUE,1,0.0150000000000148
192,4999,4e-04,TRUE,1,0.0300000000000011
193,99,0.01,TRUE,2,0.0159999999999911
193,199,0.005,TRUE,2,0.0139999999999816
193,999,0.001,TRUE,2,0.0159999999999911
193,4999,2e-04,TRUE,2,0.0420000000000016
194,99,0.01,TRUE,2,0.01400000000001
194,199,0.005,TRUE,2,0.0130000000000052
194,999,0.001,TRUE,2,0.0159999999999911
194,4999,2e-04,TRUE,2,0.0319999999999823
195,99,0.01,TRUE,1,0.0149999999999864
195,199,0.005,TRUE,1,0.0170000000000243
195,999,0.001,TRUE,1,0.0159999999999911
195,4999,2e-04,TRUE,1,0.0300000000000011
196,99,0.01,TRUE,1,0.0130000000000052
196,199,0.005,TRUE,1,0.0149999999999864
196,999,0.001,TRUE,1,0.0159999999999911
196,4999,2e-04,TRUE,1,0.0279999999999916
197,99,0.01,TRUE,2,0.01400000000001
197,199,0.005,TRUE,2,0.0130000000000052
197,999,0.001,TRUE,2,0.018999999999977
197,4999,2e-04,TRUE,2,0.0269999999999868
198,99,0.01,TRUE,2,0.0139999999999816
198,199,0.005,TRUE,2,0.0130000000000052
198,999,0.001,TRUE,2,0.0150000000000148
198,4999,2e-04,TRUE,2,0.0279999999999916
199,99,0.01,TRUE,0,0.0120000000000005
199,199,0.005,TRUE,0,0.0120000000000005
199,999,0.007,TRUE,0,0.0149999999999864
199,4999,0.0032,TRUE,0,0.0269999999999868
200,99,0.01,TRUE,1,0.0120000000000005
200,199,0.005,TRUE,1,0.0120000000000005
200,999,0.001,TRUE,1,0.0159999999999911
200,4999,4e-04,TRUE,1,0.0269999999999868
201,99,0.01,TRUE,3,0.0130000000000052
201,199,0.005,TRUE,3,0.0120000000000005
201,999,0.001,TRUE,3,0.0149999999999864
201,4999,2e-04,TRUE,3,0.0269999999999868
202,99,0.01,TRUE,1,0.0120000000000005
202,199,0.005,TRUE,1,0.0120000000000005
202,999,0.001,TRUE,1,0.0149999999999864
202,4999,2e-04,TRUE,1,0.0279999999999916
203,99,0.01,TRUE,1,0.0120000000000005
203,199,0.005,TRUE,1,0.0120000000000005
203,999,0.001,TRUE,1,0.0159999999999911
203,4999,2e-04,TRUE,1,0.0619999999999834
204,99,0.01,TRUE,1,0.0120000000000005
204,199,0.005,TRUE,1,0.0120000000000005
204,999,0.001,TRUE,1,0.0149999999999864
204,4999,2e-04,TRUE,1,0.0260000000000105
205,99,0.01,TRUE,1,0.0120000000000005
205,199,0.005,TRUE,1,0.0149999999999864
205,999,0.001,TRUE,1,0.0149999999999864
205,4999,2e-04,TRUE,1,0.025999999999982
206,99,0.01,TRUE,2,0.0120000000000005
206,199,0.005,TRUE,2,0.0120000000000005
206,999,0.001,TRUE,2,0.0139999999999816
206,4999,2e-04,TRUE,2,0.0279999999999916
207,99,0.01,TRUE,2,0.01400000000001
207,199,0.005,TRUE,2,0.0150000000000148
207,999,0.001,TRUE,2,0.0150000000000148
207,4999,2e-04,TRUE,2,0.02800000000002
208,99,0.01,TRUE,0,0.0120000000000005
208,199,0.005,TRUE,0,0.0130000000000052
208,999,0.001,TRUE,0,0.0149999999999864
208,4999,2e-04,TRUE,0,0.0279999999999916
209,99,0.01,TRUE,1,0.0139999999999816
209,199,0.005,TRUE,1,0.0149999999999864
209,999,0.001,TRUE,1,0.0169999999999959
209,4999,2e-04,TRUE,1,0.0290000000000248
210,99,0.01,TRUE,0,0.01400000000001
210,199,0.005,TRUE,0,0.0130000000000052
210,999,0.001,TRUE,0,0.0160000000000196
210,4999,2e-04,TRUE,0,0.02800000000002
211,99,0.01,TRUE,0,0.0130000000000052
211,199,0.005,TRUE,0,0.0120000000000005
211,999,0.001,TRUE,0,0.0169999999999959
211,4999,6e-04,TRUE,0,0.0309999999999775
212,99,0.01,TRUE,2,0.0139999999999816
212,199,0.005,TRUE,2,0.0130000000000052
212,999,0.001,TRUE,2,0.0150000000000148
212,4999,2e-04,TRUE,2,0.02800000000002
213,99,0.01,TRUE,2,0.0159999999999911
213,199,0.005,TRUE,2,0.0160000000000196
213,999,0.001,TRUE,2,0.0160000000000196
213,4999,2e-04,TRUE,2,0.0279999999999916
214,99,0.01,TRUE,1,0.0120000000000005
214,199,0.005,TRUE,1,0.0130000000000052
214,999,0.001,TRUE,1,0.0159999999999911
214,4999,2e-04,TRUE,1,0.0270000000000152
215,99,0.01,TRUE,1,0.0120000000000005
215,199,0.005,TRUE,1,0.0120000000000005
215,999,0.001,TRUE,1,0.0150000000000148
215,4999,2e-04,TRUE,1,0.0289999999999964
216,99,0.01,TRUE,3,0.0120000000000005
216,199,0.005,TRUE,3,0.0120000000000005
216,999,0.001,TRUE,3,0.0149999999999864
216,4999,2e-04,TRUE,3,0.0270000000000152
217,99,0.01,TRUE,1,0.0130000000000052
217,199,0.005,TRUE,1,0.0130000000000052
217,999,0.001,TRUE,1,0.0149999999999864
217,4999,2e-04,TRUE,1,0.0260000000000105
218,99,0.01,TRUE,0,0.0120000000000005
218,199,0.005,TRUE,0,0.0120000000000005
218,999,0.001,TRUE,0,0.0150000000000148
218,4999,6e-04,TRUE,0,0.0260000000000105
219,99,0.01,TRUE,2,0.0120000000000005
219,199,0.005,TRUE,2,0.0130000000000052
219,999,0.001,TRUE,2,0.0180000000000007
219,4999,2e-04,TRUE,2,0.0279999999999916
220,99,0.01,TRUE,1,0.0120000000000005
220,199,0.005,TRUE,1,0.0120000000000005
220,999,0.001,TRUE,1,0.0149999999999864
220,4999,2e-04,TRUE,1,0.025999999999982
221,99,0.01,TRUE,0,0.0120000000000005
221,199,0.005,TRUE,0,0.0120000000000005
221,999,0.003,TRUE,0,0.0180000000000007
221,4999,0.003,TRUE,0,0.0819999999999936
222,99,0.01,TRUE,0,0.0120000000000005
222,199,0.005,TRUE,0,0.0130000000000052
222,999,0.001,TRUE,0,0.0149999999999864
222,4999,2e-04,TRUE,0,0.0269999999999868
223,99,0.01,TRUE,1,0.0109999999999957
223,199,0.005,TRUE,1,0.011999999999972
223,999,0.001,TRUE,1,0.01400000000001
223,4999,2e-04,TRUE,1,0.0289999999999964
224,99,0.01,TRUE,3,0.01400000000001
224,199,0.005,TRUE,3,0.0120000000000005
224,999,0.001,TRUE,3,0.0139999999999816
224,4999,2e-04,TRUE,3,0.025999999999982
225,99,0.01,TRUE,2,0.0120000000000005
225,199,0.005,TRUE,2,0.0120000000000005
225,999,0.001,TRUE,2,0.0139999999999816
225,4999,2e-04,TRUE,2,0.025999999999982
226,99,0.01,TRUE,0,0.0120000000000005
226,199,0.005,TRUE,0,0.0120000000000005
226,999,0.001,TRUE,0,0.0149999999999864
226,4999,2e-04,TRUE,0,0.0260000000000105
227,99,0.01,TRUE,1,0.0120000000000005
227,199,0.005,TRUE,1,0.0120000000000005
227,999,0.001,TRUE,1,0.0150000000000148
227,4999,4e-04,TRUE,1,0.0260000000000105
228,99,0.01,TRUE,1,0.0130000000000052
228,199,0.005,TRUE,1,0.0120000000000005
228,999,0.001,TRUE,1,0.0150000000000148
228,4999,2e-04,TRUE,1,0.0270000000000152
229,99,0.01,TRUE,0,0.0120000000000005
229,199,0.01,TRUE,0,0.0130000000000052
229,999,0.006,TRUE,0,0.0150000000000148
229,4999,0.0054,TRUE,0,0.0270000000000152
230,99,0.01,TRUE,2,0.0120000000000005
230,199,0.005,TRUE,2,0.0129999999999768
230,999,0.001,TRUE,2,0.0150000000000148
230,4999,2e-04,TRUE,2,0.0270000000000152
231,99,0.01,TRUE,1,0.0109999999999957
231,199,0.005,TRUE,1,0.0120000000000005
231,999,0.001,TRUE,1,0.01400000000001
231,4999,2e-04,TRUE,1,0.0260000000000105
232,99,0.01,TRUE,1,0.0120000000000005
232,199,0.005,TRUE,1,0.0120000000000005
232,999,0.001,TRUE,1,0.0150000000000148
232,4999,2e-04,TRUE,1,0.0270000000000152
233,99,0.01,TRUE,1,0.011999999999972
233,199,0.005,TRUE,1,0.0130000000000052
233,999,0.001,TRUE,1,0.0160000000000196
233,4999,2e-04,TRUE,1,0.0270000000000152
234,99,0.01,TRUE,1,0.0120000000000005
234,199,0.005,TRUE,1,0.0120000000000005
234,999,0.001,TRUE,1,0.0139999999999816
234,4999,2e-04,TRUE,1,0.0269999999999868
235,99,0.01,TRUE,1,0.0130000000000052
235,199,0.005,TRUE,1,0.0120000000000005
235,999,0.001,TRUE,1,0.0159999999999911
235,4999,2e-04,TRUE,1,0.0269999999999868
236,99,0.01,TRUE,0,0.0120000000000005
236,199,0.01,TRUE,0,0.0120000000000005
236,999,0.001,TRUE,0,0.0139999999999816
236,4999,2e-04,TRUE,0,0.025999999999982
237,99,0.01,TRUE,2,0.0120000000000005
237,199,0.005,TRUE,2,0.0120000000000005
237,999,0.001,TRUE,2,0.01400000000001
237,4999,2e-04,TRUE,2,0.0269999999999868
238,99,0.01,TRUE,2,0.0120000000000005
238,199,0.005,TRUE,2,0.0120000000000005
238,999,0.001,TRUE,2,0.01400000000001
238,4999,2e-04,TRUE,2,0.0270000000000152
239,99,0.01,TRUE,0,0.0120000000000005
239,199,0.005,TRUE,0,0.0420000000000016
239,999,0.001,TRUE,0,0.0149999999999864
239,4999,4e-04,TRUE,0,0.0270000000000152
240,99,0.01,TRUE,2,0.0120000000000005
240,199,0.005,TRUE,2,0.0120000000000005
240,999,0.001,TRUE,2,0.0150000000000148
240,4999,2e-04,TRUE,2,0.0370000000000061
241,99,0.01,TRUE,2,0.0130000000000052
241,199,0.005,TRUE,2,0.0130000000000052
241,999,0.001,TRUE,2,0.0149999999999864
241,4999,2e-04,TRUE,2,0.0279999999999916
242,99,0.01,TRUE,0,0.0120000000000005
242,199,0.005,TRUE,0,0.0120000000000005
242,999,0.001,TRUE,0,0.0150000000000148
242,4999,4e-04,TRUE,0,0.025999999999982
243,99,0.01,TRUE,1,0.0120000000000005
243,199,0.005,TRUE,1,0.0130000000000052
243,999,0.001,TRUE,1,0.0159999999999911
243,4999,2e-04,TRUE,1,0.0269999999999868
244,99,0.01,TRUE,1,0.0139999999999816
244,199,0.005,TRUE,1,0.0130000000000052
244,999,0.001,TRUE,1,0.0160000000000196
244,4999,2e-04,TRUE,1,0.0279999999999916
245,99,0.01,TRUE,0,0.0130000000000052
245,199,0.005,TRUE,0,0.0139999999999816
245,999,0.001,TRUE,0,0.0149999999999864
245,4999,2e-04,TRUE,0,0.0279999999999916
246,99,0.02,TRUE,0,0.0120000000000005
246,199,0.015,TRUE,0,0.0130000000000052
246,999,0.014,TRUE,0,0.0149999999999864
246,4999,0.0106,TRUE,0,0.025999999999982
247,99,0.01,TRUE,1,0.0109999999999957
247,199,0.005,TRUE,1,0.0120000000000005
247,999,0.002,TRUE,1,0.0150000000000148
247,4999,6e-04,TRUE,1,0.0250000000000057
248,99,0.01,TRUE,2,0.0120000000000005
248,199,0.005,TRUE,2,0.0120000000000005
248,999,0.001,TRUE,2,0.0150000000000148
248,4999,2e-04,TRUE,2,0.0270000000000152
249,99,0.01,TRUE,0,0.0120000000000005
249,199,0.005,TRUE,0,0.0120000000000005
249,999,0.001,TRUE,0,0.0150000000000148
249,4999,2e-04,TRUE,0,0.0270000000000152
250,99,0.01,TRUE,0,0.0110000000000241
250,199,0.005,TRUE,0,0.0120000000000005
250,999,0.002,TRUE,0,0.0139999999999816
250,4999,2e-04,TRUE,0,0.0250000000000057
251,99,0.01,TRUE,1,0.0109999999999957
251,199,0.005,TRUE,1,0.0109999999999957
251,999,0.001,TRUE,1,0.01400000000001
251,4999,2e-04,TRUE,1,0.0260000000000105
252,99,0.01,TRUE,1,0.0110000000000241
252,199,0.005,TRUE,1,0.0109999999999957
252,999,0.001,TRUE,1,0.0149999999999864
252,4999,2e-04,TRUE,1,0.0260000000000105
253,99,0.01,TRUE,0,0.0120000000000005
253,199,0.005,TRUE,0,0.0129999999999768
253,999,0.001,TRUE,0,0.01400000000001
253,4999,2e-04,TRUE,0,0.0269999999999868
254,99,0.02,TRUE,0,0.0109999999999957
254,199,0.035,TRUE,0,0.0120000000000005
254,999,0.022,TRUE,0,0.01400000000001
254,4999,0.0226,TRUE,0,0.0260000000000105
255,99,0.01,TRUE,2,0.0109999999999957
255,199,0.005,TRUE,2,0.0120000000000005
255,999,0.001,TRUE,2,0.0129999999999768
255,4999,2e-04,TRUE,2,0.0260000000000105
256,99,0.01,TRUE,1,0.0120000000000005
256,199,0.005,TRUE,1,0.0120000000000005
256,999,0.001,TRUE,1,0.01400000000001
256,4999,2e-04,TRUE,1,0.0250000000000057
257,99,0.01,TRUE,1,0.0389999999999873
257,199,0.005,TRUE,1,0.0120000000000005
257,999,0.001,TRUE,1,0.01400000000001
257,4999,2e-04,TRUE,1,0.0260000000000105
258,99,0.01,TRUE,1,0.0110000000000241
258,199,0.005,TRUE,1,0.0120000000000005
258,999,0.001,TRUE,1,0.0139999999999816
258,4999,2e-04,TRUE,1,0.0250000000000057
259,99,0.01,TRUE,1,0.0120000000000005
259,199,0.005,TRUE,1,0.0120000000000005
259,999,0.001,TRUE,1,0.0150000000000148
259,4999,6e-04,TRUE,1,0.025999999999982
260,99,0.01,TRUE,1,0.0109999999999957
260,199,0.005,TRUE,1,0.0120000000000005
260,999,0.001,TRUE,1,0.01400000000001
260,4999,2e-04,TRUE,1,0.0250000000000057
261,99,0.01,TRUE,2,0.0120000000000005
261,199,0.005,TRUE,2,0.0120000000000005
261,999,0.001,TRUE,2,0.0139999999999816
261,4999,2e-04,TRUE,2,0.0250000000000057
262,99,0.01,TRUE,1,0.0120000000000005
262,199,0.005,TRUE,1,0.0120000000000005
262,999,0.001,TRUE,1,0.0150000000000148
262,4999,2e-04,TRUE,1,0.0270000000000152
263,99,0.01,TRUE,2,0.0109999999999957
263,199,0.005,TRUE,2,0.0120000000000005
263,999,0.001,TRUE,2,0.01400000000001
263,4999,2e-04,TRUE,2,0.025999999999982
264,99,0.01,TRUE,2,0.0120000000000005
264,199,0.005,TRUE,2,0.0120000000000005
264,999,0.001,TRUE,2,0.0150000000000148
264,4999,2e-04,TRUE,2,0.0260000000000105
265,99,0.01,TRUE,1,0.0109999999999957
265,199,0.005,TRUE,1,0.0120000000000005
265,999,0.001,TRUE,1,0.0139999999999816
265,4999,2e-04,TRUE,1,0.025999999999982
266,99,0.01,TRUE,1,0.0120000000000005
266,199,0.005,TRUE,1,0.0120000000000005
266,999,0.001,TRUE,1,0.0150000000000148
266,4999,2e-04,TRUE,1,0.0260000000000105
267,99,0.01,TRUE,2,0.0120000000000005
267,199,0.005,TRUE,2,0.0120000000000005
267,999,0.001,TRUE,2,0.0150000000000148
267,4999,2e-04,TRUE,2,0.0270000000000152
268,99,0.01,TRUE,1,0.0120000000000005
268,199,0.005,TRUE,1,0.0120000000000005
268,999,0.001,TRUE,1,0.01400000000001
268,4999,2e-04,TRUE,1,0.0260000000000105
269,99,0.01,TRUE,2,0.0110000000000241
269,199,0.005,TRUE,2,0.0120000000000005
269,999,0.001,TRUE,2,0.0139999999999816
269,4999,2e-04,TRUE,2,0.0260000000000105
270,99,0.01,TRUE,2,0.0109999999999957
270,199,0.005,TRUE,2,0.0120000000000005
270,999,0.001,TRUE,2,0.01400000000001
270,4999,2e-04,TRUE,2,0.0260000000000105
271,99,0.01,TRUE,1,0.0109999999999957
271,199,0.005,TRUE,1,0.0109999999999957
271,999,0.001,TRUE,1,0.01400000000001
271,4999,2e-04,TRUE,1,0.0260000000000105
272,99,0.01,TRUE,0,0.0120000000000005
272,199,0.005,TRUE,0,0.0120000000000005
272,999,0.001,TRUE,0,0.0150000000000148
272,4999,0.0024,TRUE,0,0.0270000000000152
273,99,0.01,TRUE,1,0.0129999999999768
273,199,0.005,TRUE,1,0.0120000000000005
273,999,0.001,TRUE,1,0.0150000000000148
273,4999,2e-04,TRUE,1,0.025999999999982
274,99,0.01,TRUE,0,0.0120000000000005
274,199,0.01,TRUE,0,0.0120000000000005
274,999,0.001,TRUE,0,0.0139999999999816
274,4999,6e-04,TRUE,0,0.0529999999999973
275,99,0.02,TRUE,0,0.0109999999999957
275,199,0.02,TRUE,0,0.0120000000000005
275,999,0.008,TRUE,0,0.0139999999999816
275,4999,0.0098,TRUE,0,0.0260000000000105
276,99,0.01,TRUE,1,0.0109999999999957
276,199,0.005,TRUE,1,0.0120000000000005
276,999,0.001,TRUE,1,0.01400000000001
276,4999,2e-04,TRUE,1,0.0250000000000057
277,99,0.01,TRUE,2,0.0120000000000005
277,199,0.005,TRUE,2,0.0120000000000005
277,999,0.001,TRUE,2,0.01400000000001
277,4999,2e-04,TRUE,2,0.0260000000000105
278,99,0.01,TRUE,0,0.0109999999999957
278,199,0.005,TRUE,0,0.0120000000000005
278,999,0.001,TRUE,0,0.01400000000001
278,4999,2e-04,TRUE,0,0.025999999999982
279,99,0.01,TRUE,0,0.0120000000000005
279,199,0.02,TRUE,0,0.0120000000000005
279,999,0.005,TRUE,0,0.0149999999999864
279,4999,0.0024,TRUE,0,0.0260000000000105
280,99,0.01,TRUE,1,0.0120000000000005
280,199,0.005,TRUE,1,0.0120000000000005
280,999,0.001,TRUE,1,0.0150000000000148
280,4999,2e-04,TRUE,1,0.0270000000000152
281,99,0.01,TRUE,2,0.0120000000000005
281,199,0.005,TRUE,2,0.0120000000000005
281,999,0.001,TRUE,2,0.01400000000001
281,4999,2e-04,TRUE,2,0.0260000000000105
282,99,0.01,TRUE,0,0.0110000000000241
282,199,0.005,TRUE,0,0.0120000000000005
282,999,0.001,TRUE,0,0.0139999999999816
282,4999,6e-04,TRUE,0,0.025999999999982
283,99,0.01,TRUE,1,0.0129999999999768
283,199,0.005,TRUE,1,0.0120000000000005
283,999,0.001,TRUE,1,0.0150000000000148
283,4999,2e-04,TRUE,1,0.02800000000002
284,99,0.01,TRUE,3,0.0130000000000052
284,199,0.005,TRUE,3,0.0129999999999768
284,999,0.001,TRUE,3,0.0149999999999864
284,4999,2e-04,TRUE,3,0.0269999999999868
285,99,0.01,TRUE,1,0.0130000000000052
285,199,0.005,TRUE,1,0.0130000000000052
285,999,0.001,TRUE,1,0.0149999999999864
285,4999,6e-04,TRUE,1,0.0279999999999916
286,99,0.01,TRUE,0,0.0129999999999768
286,199,0.005,TRUE,0,0.0120000000000005
286,999,0.001,TRUE,0,0.0150000000000148
286,4999,2e-04,TRUE,0,0.0279999999999916
287,99,0.01,TRUE,1,0.0120000000000005
287,199,0.005,TRUE,1,0.01400000000001
287,999,0.001,TRUE,1,0.0149999999999864
287,4999,2e-04,TRUE,1,0.0269999999999868
288,99,0.01,TRUE,1,0.0120000000000005
288,199,0.005,TRUE,1,0.0120000000000005
288,999,0.001,TRUE,1,0.01400000000001
288,4999,2e-04,TRUE,1,0.0260000000000105
289,99,0.01,TRUE,0,0.0120000000000005
289,199,0.005,TRUE,0,0.0120000000000005
289,999,0.001,TRUE,0,0.01400000000001
289,4999,2e-04,TRUE,0,0.025999999999982
290,99,0.01,TRUE,1,0.0120000000000005
290,199,0.005,TRUE,1,0.0120000000000005
290,999,0.001,TRUE,1,0.0150000000000148
290,4999,2e-04,TRUE,1,0.0269999999999868
291,99,0.01,TRUE,1,0.0130000000000052
291,199,0.005,TRUE,1,0.0120000000000005
291,999,0.001,TRUE,1,0.0159999999999911
291,4999,2e-04,TRUE,1,0.0269999999999868
292,99,0.01,TRUE,2,0.0120000000000005
292,199,0.005,TRUE,2,0.0480000000000018
292,999,0.001,TRUE,2,0.0159999999999911
292,4999,2e-04,TRUE,2,0.0279999999999916
293,99,0.01,TRUE,2,0.0120000000000005
293,199,0.005,TRUE,2,0.0120000000000005
293,999,0.001,TRUE,2,0.01400000000001
293,4999,2e-04,TRUE,2,0.0260000000000105
294,99,0.01,TRUE,2,0.0120000000000005
294,199,0.005,TRUE,2,0.0130000000000052
294,999,0.001,TRUE,2,0.0150000000000148
294,4999,2e-04,TRUE,2,0.025999999999982
295,99,0.01,TRUE,1,0.0120000000000005
295,199,0.005,TRUE,1,0.0120000000000005
295,999,0.001,TRUE,1,0.0149999999999864
295,4999,2e-04,TRUE,1,0.0269999999999868
296,99,0.01,TRUE,0,0.0120000000000005
296,199,0.005,TRUE,0,0.0120000000000005
296,999,0.001,TRUE,0,0.0139999999999816
296,4999,2e-04,TRUE,0,0.025999999999982
297,99,0.01,TRUE,2,0.0130000000000052
297,199,0.005,TRUE,2,0.0130000000000052
297,999,0.001,TRUE,2,0.0159999999999911
297,4999,2e-04,TRUE,2,0.0269999999999868
298,99,0.01,TRUE,0,0.0120000000000005
298,199,0.01,TRUE,0,0.0120000000000005
298,999,0.001,TRUE,0,0.01400000000001
298,4999,0.001,TRUE,0,0.0270000000000152
299,99,0.01,TRUE,1,0.0120000000000005
299,199,0.005,TRUE,1,0.0109999999999957
299,999,0.001,TRUE,1,0.01400000000001
299,4999,2e-04,TRUE,1,0.0260000000000105
300,99,0.01,TRUE,1,0.0120000000000005
300,199,0.005,TRUE,1,0.0120000000000005
300,999,0.001,TRUE,1,0.0150000000000148
300,4999,2e-04,TRUE,1,0.0260000000000105
301,99,0.01,TRUE,1,0.0129999999999768
301,199,0.005,TRUE,1,0.0120000000000005
301,999,0.001,TRUE,1,0.0150000000000148
301,4999,2e-04,TRUE,1,0.02800000000002
302,99,0.01,TRUE,0,0.0130000000000052
302,199,0.005,TRUE,0,0.0109999999999957
302,999,0.002,TRUE,0,0.01400000000001
302,4999,6e-04,TRUE,0,0.0260000000000105
303,99,0.01,TRUE,1,0.0120000000000005
303,199,0.005,TRUE,1,0.0120000000000005
303,999,0.001,TRUE,1,0.01400000000001
303,4999,4e-04,TRUE,1,0.0260000000000105
304,99,0.01,TRUE,0,0.0130000000000052
304,199,0.005,TRUE,0,0.0120000000000005
304,999,0.002,TRUE,0,0.0139999999999816
304,4999,8e-04,TRUE,0,0.025999999999982
305,99,0.01,TRUE,2,0.0109999999999957
305,199,0.005,TRUE,2,0.0120000000000005
305,999,0.001,TRUE,2,0.0130000000000052
305,4999,2e-04,TRUE,2,0.0260000000000105
306,99,0.01,TRUE,3,0.0120000000000005
306,199,0.005,TRUE,3,0.0130000000000052
306,999,0.001,TRUE,3,0.0149999999999864
306,4999,2e-04,TRUE,3,0.0269999999999868
307,99,0.01,TRUE,1,0.0130000000000052
307,199,0.005,TRUE,1,0.0130000000000052
307,999,0.001,TRUE,1,0.0149999999999864
307,4999,2e-04,TRUE,1,0.0279999999999916
308,99,0.01,TRUE,1,0.0120000000000005
308,199,0.005,TRUE,1,0.0130000000000052
308,999,0.001,TRUE,1,0.01400000000001
308,4999,2e-04,TRUE,1,0.0250000000000057
309,99,0.01,TRUE,0,0.0120000000000005
309,199,0.005,TRUE,0,0.0120000000000005
309,999,0.002,TRUE,0,0.01400000000001
309,4999,0.001,TRUE,0,0.0250000000000057
310,99,0.01,TRUE,1,0.0109999999999957
310,199,0.005,TRUE,1,0.0130000000000052
310,999,0.001,TRUE,1,0.0150000000000148
310,4999,2e-04,TRUE,1,0.0269999999999868
311,99,0.01,TRUE,1,0.0120000000000005
311,199,0.005,TRUE,1,0.0130000000000052
311,999,0.001,TRUE,1,0.0159999999999911
311,4999,2e-04,TRUE,1,0.025999999999982
312,99,0.01,TRUE,0,0.0120000000000005
312,199,0.005,TRUE,0,0.0120000000000005
312,999,0.003,TRUE,0,0.01400000000001
312,4999,0.0014,TRUE,0,0.0260000000000105
313,99,0.01,TRUE,3,0.0109999999999957
313,199,0.005,TRUE,3,0.0109999999999957
313,999,0.001,TRUE,3,0.0130000000000052
313,4999,2e-04,TRUE,3,0.025999999999982
314,99,0.01,TRUE,1,0.0120000000000005
314,199,0.005,TRUE,1,0.0109999999999957
314,999,0.001,TRUE,1,0.01400000000001
314,4999,2e-04,TRUE,1,0.0269999999999868
315,99,0.01,TRUE,0,0.0120000000000005
315,199,0.005,TRUE,0,0.0120000000000005
315,999,0.001,TRUE,0,0.0139999999999816
315,4999,2e-04,TRUE,0,0.0260000000000105
316,99,0.01,TRUE,1,0.0120000000000005
316,199,0.005,TRUE,1,0.0120000000000005
316,999,0.001,TRUE,1,0.0150000000000148
316,4999,2e-04,TRUE,1,0.025999999999982
317,99,0.01,TRUE,1,0.0120000000000005
317,199,0.005,TRUE,1,0.0109999999999957
317,999,0.001,TRUE,1,0.0139999999999816
317,4999,2e-04,TRUE,1,0.0260000000000105
318,99,0.01,TRUE,0,0.0109999999999957
318,199,0.005,TRUE,0,0.0120000000000005
318,999,0.001,TRUE,0,0.01400000000001
318,4999,2e-04,TRUE,0,0.025999999999982
319,99,0.01,TRUE,0,0.0120000000000005
319,199,0.005,TRUE,0,0.0120000000000005
319,999,0.001,TRUE,0,0.01400000000001
319,4999,2e-04,TRUE,0,0.0260000000000105
320,99,0.01,TRUE,2,0.0120000000000005
320,199,0.005,TRUE,2,0.0120000000000005
320,999,0.001,TRUE,2,0.0130000000000052
320,4999,2e-04,TRUE,2,0.025999999999982
321,99,0.01,TRUE,0,0.0120000000000005
321,199,0.005,TRUE,0,0.0409999999999968
321,999,0.001,TRUE,0,0.0139999999999816
321,4999,6e-04,TRUE,0,0.0260000000000105
322,99,0.01,TRUE,2,0.0109999999999957
322,199,0.005,TRUE,2,0.0120000000000005
322,999,0.001,TRUE,2,0.0150000000000148
322,4999,4e-04,TRUE,2,0.025999999999982
323,99,0.01,TRUE,0,0.0120000000000005
323,199,0.005,TRUE,0,0.0120000000000005
323,999,0.001,TRUE,0,0.0149999999999864
323,4999,4e-04,TRUE,0,0.0260000000000105
324,99,0.01,TRUE,3,0.0120000000000005
324,199,0.005,TRUE,3,0.0109999999999957
324,999,0.001,TRUE,3,0.0139999999999816
324,4999,2e-04,TRUE,3,0.025999999999982
325,99,0.01,TRUE,1,0.0099999999999909
325,199,0.005,TRUE,1,0.0109999999999957
325,999,0.001,TRUE,1,0.01400000000001
325,4999,2e-04,TRUE,1,0.025999999999982
326,99,0.01,TRUE,3,0.0130000000000052
326,199,0.005,TRUE,3,0.0129999999999768
326,999,0.001,TRUE,3,0.0149999999999864
326,4999,2e-04,TRUE,3,0.0260000000000105
327,99,0.01,TRUE,1,0.0120000000000005
327,199,0.005,TRUE,1,0.0120000000000005
327,999,0.001,TRUE,1,0.0150000000000148
327,4999,2e-04,TRUE,1,0.025999999999982
328,99,0.01,TRUE,1,0.0120000000000005
328,199,0.005,TRUE,1,0.0109999999999957
328,999,0.001,TRUE,1,0.0139999999999816
328,4999,2e-04,TRUE,1,0.0260000000000105
329,99,0.01,TRUE,0,0.0109999999999957
329,199,0.005,TRUE,0,0.0109999999999957
329,999,0.001,TRUE,0,0.01400000000001
329,4999,2e-04,TRUE,0,0.0249999999999773
330,99,0.01,TRUE,2,0.0120000000000005
330,199,0.005,TRUE,2,0.0120000000000005
330,999,0.001,TRUE,2,0.01400000000001
330,4999,2e-04,TRUE,2,0.0270000000000152
331,99,0.01,TRUE,2,0.0120000000000005
331,199,0.005,TRUE,2,0.0109999999999957
331,999,0.001,TRUE,2,0.01400000000001
331,4999,2e-04,TRUE,2,0.0250000000000057
332,99,0.01,TRUE,0,0.0120000000000005
332,199,0.005,TRUE,0,0.0120000000000005
332,999,0.002,TRUE,0,0.01400000000001
332,4999,0.001,TRUE,0,0.0250000000000057
333,99,0.01,TRUE,1,0.0120000000000005
333,199,0.005,TRUE,1,0.0120000000000005
333,999,0.001,TRUE,1,0.01400000000001
333,4999,4e-04,TRUE,1,0.0260000000000105
334,99,0.01,TRUE,1,0.0120000000000005
334,199,0.005,TRUE,1,0.0120000000000005
334,999,0.001,TRUE,1,0.0130000000000052
334,4999,2e-04,TRUE,1,0.0250000000000057
335,99,0.01,TRUE,0,0.0120000000000005
335,199,0.035,TRUE,0,0.0120000000000005
335,999,0.017,TRUE,0,0.01400000000001
335,4999,0.0236,TRUE,0,0.025999999999982
336,99,0.01,TRUE,1,0.0109999999999957
336,199,0.005,TRUE,1,0.0120000000000005
336,999,0.001,TRUE,1,0.0149999999999864
336,4999,2e-04,TRUE,1,0.0260000000000105
337,99,0.01,TRUE,1,0.0109999999999957
337,199,0.005,TRUE,1,0.0120000000000005
337,999,0.001,TRUE,1,0.0160000000000196
337,4999,2e-04,TRUE,1,0.0270000000000152
338,99,0.01,TRUE,1,0.0130000000000052
338,199,0.005,TRUE,1,0.0120000000000005
338,999,0.001,TRUE,1,0.01400000000001
338,4999,2e-04,TRUE,1,0.0260000000000105
339,99,0.01,TRUE,1,0.0129999999999768
339,199,0.005,TRUE,1,0.0130000000000052
339,999,0.001,TRUE,1,0.0149999999999864
339,4999,2e-04,TRUE,1,0.0269999999999868
340,99,0.01,TRUE,2,0.0120000000000005
340,199,0.005,TRUE,2,0.0120000000000005
340,999,0.001,TRUE,2,0.0149999999999864
340,4999,2e-04,TRUE,2,0.025999999999982
341,99,0.01,TRUE,2,0.0120000000000005
341,199,0.005,TRUE,2,0.0120000000000005
341,999,0.001,TRUE,2,0.01400000000001
341,4999,2e-04,TRUE,2,0.0260000000000105
342,99,0.01,TRUE,1,0.0109999999999957
342,199,0.005,TRUE,1,0.0109999999999957
342,999,0.001,TRUE,1,0.01400000000001
342,4999,2e-04,TRUE,1,0.0260000000000105
343,99,0.01,TRUE,1,0.0120000000000005
343,199,0.005,TRUE,1,0.0109999999999957
343,999,0.001,TRUE,1,0.01400000000001
343,4999,2e-04,TRUE,1,0.025999999999982
344,99,0.01,TRUE,1,0.0109999999999957
344,199,0.005,TRUE,1,0.0120000000000005
344,999,0.001,TRUE,1,0.01400000000001
344,4999,2e-04,TRUE,1,0.0250000000000057
345,99,0.01,TRUE,0,0.0110000000000241
345,199,0.01,TRUE,0,0.0109999999999957
345,999,0.001,TRUE,0,0.01400000000001
345,4999,2e-04,TRUE,0,0.0250000000000057
346,99,0.01,TRUE,2,0.0109999999999957
346,199,0.005,TRUE,2,0.0120000000000005
346,999,0.001,TRUE,2,0.0139999999999816
346,4999,2e-04,TRUE,2,0.025999999999982
347,99,0.01,TRUE,2,0.0120000000000005
347,199,0.005,TRUE,2,0.0120000000000005
347,999,0.001,TRUE,2,0.01400000000001
347,4999,2e-04,TRUE,2,0.0260000000000105
348,99,0.01,TRUE,2,0.0130000000000052
348,199,0.005,TRUE,2,0.0130000000000052
348,999,0.001,TRUE,2,0.0240000000000009
348,4999,2e-04,TRUE,2,0.0289999999999964
349,99,0.01,TRUE,0,0.01400000000001
349,199,0.005,TRUE,0,0.01400000000001
349,999,0.001,TRUE,0,0.0159999999999911
349,4999,2e-04,TRUE,0,0.0279999999999916
350,99,0.01,TRUE,1,0.0109999999999957
350,199,0.005,TRUE,1,0.0109999999999957
350,999,0.001,TRUE,1,0.0449999999999875
350,4999,2e-04,TRUE,1,0.025999999999982
351,99,0.01,TRUE,2,0.0120000000000005
351,199,0.005,TRUE,2,0.0120000000000005
351,999,0.001,TRUE,2,0.0149999999999864
351,4999,2e-04,TRUE,2,0.0270000000000152
352,99,0.01,TRUE,1,0.0120000000000005
352,199,0.005,TRUE,1,0.0120000000000005
352,999,0.001,TRUE,1,0.0149999999999864
352,4999,2e-04,TRUE,1,0.0260000000000105
353,99,0.01,TRUE,1,0.0120000000000005
353,199,0.005,TRUE,1,0.0120000000000005
353,999,0.001,TRUE,1,0.0159999999999911
353,4999,2e-04,TRUE,1,0.0269999999999868
354,99,0.01,TRUE,0,0.0120000000000005
354,199,0.005,TRUE,0,0.0120000000000005
354,999,0.001,TRUE,0,0.0149999999999864
354,4999,0.001,TRUE,0,0.0260000000000105
355,99,0.01,TRUE,0,0.0109999999999957
355,199,0.01,TRUE,0,0.0120000000000005
355,999,0.004,TRUE,0,0.01400000000001
355,4999,0.003,TRUE,0,0.025999999999982
356,99,0.01,TRUE,1,0.0120000000000005
356,199,0.005,TRUE,1,0.0120000000000005
356,999,0.001,TRUE,1,0.0149999999999864
356,4999,2e-04,TRUE,1,0.0269999999999868
357,99,0.01,TRUE,0,0.0120000000000005
357,199,0.005,TRUE,0,0.0130000000000052
357,999,0.004,TRUE,0,0.0149999999999864
357,4999,0.0018,TRUE,0,0.025999999999982
358,99,0.01,TRUE,1,0.0120000000000005
358,199,0.005,TRUE,1,0.0120000000000005
358,999,0.001,TRUE,1,0.01400000000001
358,4999,2e-04,TRUE,1,0.0260000000000105
359,99,0.01,TRUE,1,0.0120000000000005
359,199,0.005,TRUE,1,0.0120000000000005
359,999,0.001,TRUE,1,0.0150000000000148
359,4999,2e-04,TRUE,1,0.0260000000000105
360,99,0.01,TRUE,3,0.0130000000000052
360,199,0.005,TRUE,3,0.0130000000000052
360,999,0.001,TRUE,3,0.01400000000001
360,4999,2e-04,TRUE,3,0.025999999999982
361,99,0.01,TRUE,0,0.0120000000000005
361,199,0.005,TRUE,0,0.0120000000000005
361,999,0.001,TRUE,0,0.0149999999999864
361,4999,4e-04,TRUE,0,0.0279999999999916
362,99,0.01,TRUE,1,0.0120000000000005
362,199,0.01,TRUE,1,0.0120000000000005
362,999,0.004,TRUE,1,0.01400000000001
362,4999,0.0032,TRUE,1,0.0270000000000152
363,99,0.01,TRUE,0,0.0130000000000052
363,199,0.005,TRUE,0,0.0130000000000052
363,999,0.001,TRUE,0,0.0150000000000148
363,4999,2e-04,TRUE,0,0.0289999999999964
364,99,0.01,TRUE,1,0.0129999999999768
364,199,0.005,TRUE,1,0.0130000000000052
364,999,0.001,TRUE,1,0.01400000000001
364,4999,2e-04,TRUE,1,0.025999999999982
365,99,0.02,TRUE,0,0.0139999999999816
365,199,0.01,TRUE,0,0.0120000000000005
365,999,0.003,TRUE,0,0.0150000000000148
365,4999,0.0036,TRUE,0,0.0320000000000107
366,99,0.01,TRUE,1,0.0180000000000007
366,199,0.005,TRUE,1,0.0150000000000148
366,999,0.001,TRUE,1,0.0170000000000243
366,4999,2e-04,TRUE,1,0.0260000000000105
367,99,0.01,TRUE,1,0.0120000000000005
367,199,0.005,TRUE,1,0.0129999999999768
367,999,0.001,TRUE,1,0.0149999999999864
367,4999,2e-04,TRUE,1,0.0279999999999916
368,99,0.02,TRUE,0,0.0130000000000052
368,199,0.025,TRUE,0,0.0129999999999768
368,999,0.013,TRUE,0,0.0149999999999864
368,4999,0.007,TRUE,0,0.0270000000000152
369,99,0.01,TRUE,2,0.0120000000000005
369,199,0.005,TRUE,2,0.0120000000000005
369,999,0.001,TRUE,2,0.0150000000000148
369,4999,2e-04,TRUE,2,0.0300000000000011
370,99,0.01,TRUE,1,0.0139999999999816
370,199,0.005,TRUE,1,0.0120000000000005
370,999,0.001,TRUE,1,0.01400000000001
370,4999,4e-04,TRUE,1,0.0260000000000105
371,99,0.01,TRUE,1,0.0120000000000005
371,199,0.005,TRUE,1,0.0120000000000005
371,999,0.001,TRUE,1,0.0149999999999864
371,4999,2e-04,TRUE,1,0.025999999999982
372,99,0.01,TRUE,0,0.0130000000000052
372,199,0.005,TRUE,0,0.0130000000000052
372,999,0.001,TRUE,0,0.0149999999999864
372,4999,6e-04,TRUE,0,0.0289999999999964
373,99,0.01,TRUE,1,0.0130000000000052
373,199,0.005,TRUE,1,0.011999999999972
373,999,0.001,TRUE,1,0.0149999999999864
373,4999,2e-04,TRUE,1,0.0269999999999868
374,99,0.01,TRUE,1,0.0130000000000052
374,199,0.005,TRUE,1,0.0130000000000052
374,999,0.001,TRUE,1,0.0159999999999911
374,4999,4e-04,TRUE,1,0.0279999999999916
375,99,0.01,TRUE,1,0.0120000000000005
375,199,0.005,TRUE,1,0.0120000000000005
375,999,0.002,TRUE,1,0.01400000000001
375,4999,8e-04,TRUE,1,0.025999999999982
376,99,0.01,TRUE,1,0.0120000000000005
376,199,0.005,TRUE,1,0.0120000000000005
376,999,0.001,TRUE,1,0.0149999999999864
376,4999,2e-04,TRUE,1,0.0269999999999868
377,99,0.01,TRUE,2,0.0120000000000005
377,199,0.005,TRUE,2,0.0120000000000005
377,999,0.001,TRUE,2,0.0149999999999864
377,4999,2e-04,TRUE,2,0.0270000000000152
378,99,0.01,TRUE,0,0.0130000000000052
378,199,0.005,TRUE,0,0.0120000000000005
378,999,0.001,TRUE,0,0.0149999999999864
378,4999,2e-04,TRUE,0,0.0270000000000152
379,99,0.01,TRUE,1,0.0130000000000052
379,199,0.005,TRUE,1,0.0429999999999779
379,999,0.001,TRUE,1,0.0149999999999864
379,4999,2e-04,TRUE,1,0.025999999999982
380,99,0.01,TRUE,0,0.0109999999999957
380,199,0.005,TRUE,0,0.0120000000000005
380,999,0.001,TRUE,0,0.01400000000001
380,4999,2e-04,TRUE,0,0.0260000000000105
381,99,0.01,TRUE,2,0.0109999999999957
381,199,0.005,TRUE,2,0.0120000000000005
381,999,0.001,TRUE,2,0.0139999999999816
381,4999,2e-04,TRUE,2,0.0269999999999868
382,99,0.01,TRUE,1,0.0120000000000005
382,199,0.005,TRUE,1,0.0120000000000005
382,999,0.001,TRUE,1,0.0139999999999816
382,4999,2e-04,TRUE,1,0.0250000000000057
383,99,0.01,TRUE,1,0.0130000000000052
383,199,0.005,TRUE,1,0.0129999999999768
383,999,0.003,TRUE,1,0.0159999999999911
383,4999,0.0024,TRUE,1,0.0330000000000155
384,99,0.01,TRUE,2,0.0129999999999768
384,199,0.005,TRUE,2,0.0130000000000052
384,999,0.001,TRUE,2,0.0159999999999911
384,4999,2e-04,TRUE,2,0.0289999999999964
385,99,0.01,TRUE,0,0.0130000000000052
385,199,0.005,TRUE,0,0.0139999999999816
385,999,0.005,TRUE,0,0.0159999999999911
385,4999,0.002,TRUE,0,0.0269999999999868
386,99,0.01,TRUE,1,0.0120000000000005
386,199,0.005,TRUE,1,0.0130000000000052
386,999,0.001,TRUE,1,0.0150000000000148
386,4999,2e-04,TRUE,1,0.0270000000000152
387,99,0.01,TRUE,1,0.0120000000000005
387,199,0.005,TRUE,1,0.0120000000000005
387,999,0.001,TRUE,1,0.01400000000001
387,4999,2e-04,TRUE,1,0.0260000000000105
388,99,0.01,TRUE,1,0.0129999999999768
388,199,0.005,TRUE,1,0.0130000000000052
388,999,0.001,TRUE,1,0.0150000000000148
388,4999,2e-04,TRUE,1,0.025999999999982
389,99,0.02,TRUE,0,0.0120000000000005
389,199,0.005,TRUE,0,0.0130000000000052
389,999,0.002,TRUE,0,0.0160000000000196
389,4999,0.0014,TRUE,0,0.02800000000002
390,99,0.02,TRUE,0,0.0130000000000052
390,199,0.01,TRUE,0,0.0120000000000005
390,999,0.009,TRUE,0,0.0149999999999864
390,4999,0.0074,TRUE,0,0.0269999999999868
391,99,0.01,TRUE,1,0.0130000000000052
391,199,0.005,TRUE,1,0.0120000000000005
391,999,0.001,TRUE,1,0.0149999999999864
391,4999,2e-04,TRUE,1,0.0269999999999868
392,99,0.01,TRUE,0,0.0120000000000005
392,199,0.005,TRUE,0,0.0120000000000005
392,999,0.001,TRUE,0,0.0139999999999816
392,4999,2e-04,TRUE,0,0.025999999999982
393,99,0.01,TRUE,1,0.0120000000000005
393,199,0.005,TRUE,1,0.0130000000000052
393,999,0.001,TRUE,1,0.0159999999999911
393,4999,2e-04,TRUE,1,0.0269999999999868
394,99,0.01,TRUE,2,0.0110000000000241
394,199,0.005,TRUE,2,0.0130000000000052
394,999,0.001,TRUE,2,0.01400000000001
394,4999,2e-04,TRUE,2,0.0269999999999868
395,99,0.01,TRUE,1,0.0109999999999957
395,199,0.005,TRUE,1,0.0120000000000005
395,999,0.001,TRUE,1,0.0129999999999768
395,4999,2e-04,TRUE,1,0.0260000000000105
396,99,0.01,TRUE,1,0.0109999999999957
396,199,0.005,TRUE,1,0.0120000000000005
396,999,0.001,TRUE,1,0.0150000000000148
396,4999,2e-04,TRUE,1,0.025999999999982
397,99,0.01,TRUE,1,0.0120000000000005
397,199,0.005,TRUE,1,0.0120000000000005
397,999,0.001,TRUE,1,0.0149999999999864
397,4999,2e-04,TRUE,1,0.0269999999999868
398,99,0.01,TRUE,2,0.0120000000000005
398,199,0.005,TRUE,2,0.0109999999999957
398,999,0.001,TRUE,2,0.01400000000001
398,4999,4e-04,TRUE,2,0.02800000000002
399,99,0.01,TRUE,0,0.0130000000000052
399,199,0.005,TRUE,0,0.0130000000000052
399,999,0.001,TRUE,0,0.0149999999999864
399,4999,2e-04,TRUE,0,0.0269999999999868
400,99,0.01,TRUE,2,0.0129999999999768
400,199,0.005,TRUE,2,0.0149999999999864
400,999,0.001,TRUE,2,0.0199999999999818
400,4999,2e-04,TRUE,2,0.0279999999999916
401,99,0.01,TRUE,2,0.0120000000000005
401,199,0.005,TRUE,2,0.0120000000000005
401,999,0.001,TRUE,2,0.0139999999999816
401,4999,2e-04,TRUE,2,0.032999999999987
402,99,0.01,TRUE,0,0.01400000000001
402,199,0.005,TRUE,0,0.0139999999999816
402,999,0.001,TRUE,0,0.0149999999999864
402,4999,2e-04,TRUE,0,0.0279999999999916
403,99,0.01,TRUE,2,0.0130000000000052
403,199,0.005,TRUE,2,0.0129999999999768
403,999,0.001,TRUE,2,0.0159999999999911
403,4999,2e-04,TRUE,2,0.032999999999987
404,99,0.01,TRUE,0,0.0149999999999864
404,199,0.005,TRUE,0,0.0149999999999864
404,999,0.001,TRUE,0,0.0159999999999911
404,4999,2e-04,TRUE,0,0.0310000000000059
405,99,0.01,TRUE,1,0.0149999999999864
405,199,0.005,TRUE,1,0.0149999999999864
405,999,0.001,TRUE,1,0.0169999999999959
405,4999,2e-04,TRUE,1,0.0300000000000011
406,99,0.01,TRUE,3,0.0159999999999911
406,199,0.005,TRUE,3,0.0150000000000148
406,999,0.001,TRUE,3,0.0180000000000007
406,4999,2e-04,TRUE,3,0.0310000000000059
407,99,0.03,TRUE,0,0.01400000000001
407,199,0.005,TRUE,0,0.01400000000001
407,999,0.004,TRUE,0,0.0169999999999959
407,4999,0.0024,TRUE,0,0.0279999999999916
408,99,0.01,TRUE,0,0.0129999999999768
408,199,0.005,TRUE,0,0.0550000000000068
408,999,0.001,TRUE,0,0.0150000000000148
408,4999,6e-04,TRUE,0,0.0279999999999916
409,99,0.01,TRUE,0,0.0130000000000052
409,199,0.005,TRUE,0,0.0130000000000052
409,999,0.001,TRUE,0,0.0149999999999864
409,4999,2e-04,TRUE,0,0.0269999999999868
410,99,0.02,TRUE,0,0.0120000000000005
410,199,0.005,TRUE,0,0.0130000000000052
410,999,0.001,TRUE,0,0.0150000000000148
410,4999,0.0016,TRUE,0,0.0269999999999868
411,99,0.01,TRUE,3,0.0109999999999957
411,199,0.005,TRUE,3,0.0120000000000005
411,999,0.001,TRUE,3,0.0139999999999816
411,4999,2e-04,TRUE,3,0.0260000000000105
412,99,0.01,TRUE,1,0.0109999999999957
412,199,0.01,TRUE,1,0.0120000000000005
412,999,0.002,TRUE,1,0.0159999999999911
412,4999,6e-04,TRUE,1,0.0269999999999868
413,99,0.01,TRUE,2,0.0130000000000052
413,199,0.005,TRUE,2,0.0130000000000052
413,999,0.001,TRUE,2,0.0149999999999864
413,4999,2e-04,TRUE,2,0.0260000000000105
414,99,0.01,TRUE,1,0.0120000000000005
414,199,0.005,TRUE,1,0.0139999999999816
414,999,0.001,TRUE,1,0.0149999999999864
414,4999,2e-04,TRUE,1,0.0269999999999868
415,99,0.01,TRUE,1,0.0110000000000241
415,199,0.005,TRUE,1,0.0120000000000005
415,999,0.001,TRUE,1,0.0139999999999816
415,4999,2e-04,TRUE,1,0.025999999999982
416,99,0.01,TRUE,0,0.0180000000000007
416,199,0.005,TRUE,0,0.0130000000000052
416,999,0.001,TRUE,0,0.0150000000000148
416,4999,6e-04,TRUE,0,0.0260000000000105
417,99,0.01,TRUE,1,0.0130000000000052
417,199,0.005,TRUE,1,0.0130000000000052
417,999,0.001,TRUE,1,0.0150000000000148
417,4999,2e-04,TRUE,1,0.0279999999999916
418,99,0.01,TRUE,1,0.01400000000001
418,199,0.005,TRUE,1,0.0159999999999911
418,999,0.001,TRUE,1,0.0149999999999864
418,4999,2e-04,TRUE,1,0.0300000000000011
419,99,0.01,TRUE,2,0.0130000000000052
419,199,0.005,TRUE,2,0.0130000000000052
419,999,0.001,TRUE,2,0.0159999999999911
419,4999,2e-04,TRUE,2,0.02800000000002
420,99,0.01,TRUE,1,0.0130000000000052
420,199,0.005,TRUE,1,0.0129999999999768
420,999,0.001,TRUE,1,0.0169999999999959
420,4999,2e-04,TRUE,1,0.0279999999999916
421,99,0.01,TRUE,1,0.0130000000000052
421,199,0.005,TRUE,1,0.0139999999999816
421,999,0.001,TRUE,1,0.0159999999999911
421,4999,2e-04,TRUE,1,0.0289999999999964
422,99,0.02,TRUE,1,0.0129999999999768
422,199,0.005,TRUE,1,0.0130000000000052
422,999,0.001,TRUE,1,0.0150000000000148
422,4999,4e-04,TRUE,1,0.0270000000000152
423,99,0.01,TRUE,1,0.0130000000000052
423,199,0.005,TRUE,1,0.0130000000000052
423,999,0.001,TRUE,1,0.0160000000000196
423,4999,2e-04,TRUE,1,0.0270000000000152
424,99,0.01,TRUE,2,0.0109999999999957
424,199,0.005,TRUE,2,0.0110000000000241
424,999,0.001,TRUE,2,0.01400000000001
424,4999,2e-04,TRUE,2,0.0270000000000152
425,99,0.01,TRUE,0,0.0120000000000005
425,199,0.005,TRUE,0,0.0130000000000052
425,999,0.001,TRUE,0,0.0150000000000148
425,4999,2e-04,TRUE,0,0.0270000000000152
426,99,0.01,TRUE,3,0.0130000000000052
426,199,0.005,TRUE,3,0.0130000000000052
426,999,0.001,TRUE,3,0.0150000000000148
426,4999,2e-04,TRUE,3,0.0269999999999868
427,99,0.01,TRUE,1,0.0109999999999957
427,199,0.005,TRUE,1,0.0120000000000005
427,999,0.001,TRUE,1,0.0149999999999864
427,4999,2e-04,TRUE,1,0.0279999999999916
428,99,0.01,TRUE,2,0.0120000000000005
428,199,0.005,TRUE,2,0.0109999999999957
428,999,0.001,TRUE,2,0.01400000000001
428,4999,2e-04,TRUE,2,0.0260000000000105
429,99,0.01,TRUE,2,0.0120000000000005
429,199,0.005,TRUE,2,0.0120000000000005
429,999,0.001,TRUE,2,0.01400000000001
429,4999,2e-04,TRUE,2,0.0260000000000105
430,99,0.01,TRUE,0,0.0120000000000005
430,199,0.005,TRUE,0,0.0130000000000052
430,999,0.001,TRUE,0,0.0150000000000148
430,4999,2e-04,TRUE,0,0.02800000000002
431,99,0.01,TRUE,2,0.0120000000000005
431,199,0.005,TRUE,2,0.0129999999999768
431,999,0.001,TRUE,2,0.0169999999999959
431,4999,2e-04,TRUE,2,0.0269999999999868
432,99,0.01,TRUE,3,0.0129999999999768
432,199,0.005,TRUE,3,0.0130000000000052
432,999,0.001,TRUE,3,0.021000000000015
432,4999,2e-04,TRUE,3,0.02800000000002
433,99,0.01,TRUE,0,0.0130000000000052
433,199,0.005,TRUE,0,0.0139999999999816
433,999,0.001,TRUE,0,0.0199999999999818
433,4999,2e-04,TRUE,0,0.0300000000000011
434,99,0.01,TRUE,2,0.0150000000000148
434,199,0.005,TRUE,2,0.01400000000001
434,999,0.001,TRUE,2,0.0159999999999911
434,4999,2e-04,TRUE,2,0.0270000000000152
435,99,0.01,TRUE,2,0.0120000000000005
435,199,0.005,TRUE,2,0.0120000000000005
435,999,0.001,TRUE,2,0.0169999999999959
435,4999,2e-04,TRUE,2,0.0279999999999916
436,99,0.01,TRUE,1,0.0120000000000005
436,199,0.005,TRUE,1,0.0120000000000005
436,999,0.001,TRUE,1,0.0150000000000148
436,4999,2e-04,TRUE,1,0.0260000000000105
437,99,0.01,TRUE,1,0.0130000000000052
437,199,0.005,TRUE,1,0.0449999999999875
437,999,0.001,TRUE,1,0.0149999999999864
437,4999,4e-04,TRUE,1,0.02800000000002
438,99,0.01,TRUE,1,0.0120000000000005
438,199,0.005,TRUE,1,0.0130000000000052
438,999,0.001,TRUE,1,0.0150000000000148
438,4999,2e-04,TRUE,1,0.0270000000000152
439,99,0.01,TRUE,1,0.0109999999999957
439,199,0.005,TRUE,1,0.0110000000000241
439,999,0.001,TRUE,1,0.0130000000000052
439,4999,2e-04,TRUE,1,0.0260000000000105
440,99,0.01,TRUE,1,0.0130000000000052
440,199,0.005,TRUE,1,0.0139999999999816
440,999,0.001,TRUE,1,0.0150000000000148
440,4999,2e-04,TRUE,1,0.0279999999999916
441,99,0.01,TRUE,2,0.0130000000000052
441,199,0.005,TRUE,2,0.0120000000000005
441,999,0.001,TRUE,2,0.0149999999999864
441,4999,2e-04,TRUE,2,0.0289999999999964
442,99,0.01,TRUE,1,0.01400000000001
442,199,0.005,TRUE,1,0.0129999999999768
442,999,0.001,TRUE,1,0.0149999999999864
442,4999,2e-04,TRUE,1,0.0269999999999868
443,99,0.01,TRUE,2,0.0130000000000052
443,199,0.005,TRUE,2,0.0120000000000005
443,999,0.001,TRUE,2,0.0149999999999864
443,4999,2e-04,TRUE,2,0.0279999999999916
444,99,0.01,TRUE,2,0.0130000000000052
444,199,0.005,TRUE,2,0.0129999999999768
444,999,0.001,TRUE,2,0.0149999999999864
444,4999,2e-04,TRUE,2,0.0320000000000107
445,99,0.01,TRUE,1,0.0130000000000052
445,199,0.005,TRUE,1,0.0120000000000005
445,999,0.001,TRUE,1,0.0139999999999816
445,4999,2e-04,TRUE,1,0.0260000000000105
446,99,0.01,TRUE,1,0.0120000000000005
446,199,0.005,TRUE,1,0.0129999999999768
446,999,0.001,TRUE,1,0.0159999999999911
446,4999,2e-04,TRUE,1,0.0270000000000152
447,99,0.01,TRUE,2,0.01400000000001
447,199,0.005,TRUE,2,0.0130000000000052
447,999,0.001,TRUE,2,0.0150000000000148
447,4999,2e-04,TRUE,2,0.0270000000000152
448,99,0.01,TRUE,1,0.0120000000000005
448,199,0.005,TRUE,1,0.0120000000000005
448,999,0.001,TRUE,1,0.0149999999999864
448,4999,2e-04,TRUE,1,0.0269999999999868
449,99,0.01,TRUE,3,0.0120000000000005
449,199,0.005,TRUE,3,0.0120000000000005
449,999,0.001,TRUE,3,0.01400000000001
449,4999,2e-04,TRUE,3,0.0260000000000105
450,99,0.01,TRUE,1,0.0120000000000005
450,199,0.005,TRUE,1,0.0130000000000052
450,999,0.001,TRUE,1,0.0150000000000148
450,4999,4e-04,TRUE,1,0.02800000000002
451,99,0.01,TRUE,2,0.0120000000000005
451,199,0.005,TRUE,2,0.0120000000000005
451,999,0.001,TRUE,2,0.0150000000000148
451,4999,2e-04,TRUE,2,0.0260000000000105
452,99,0.01,TRUE,3,0.0120000000000005
452,199,0.005,TRUE,3,0.0120000000000005
452,999,0.001,TRUE,3,0.01400000000001
452,4999,2e-04,TRUE,3,0.0249999999999773
453,99,0.01,TRUE,1,0.0120000000000005
453,199,0.005,TRUE,1,0.0120000000000005
453,999,0.001,TRUE,1,0.0149999999999864
453,4999,2e-04,TRUE,1,0.0269999999999868
454,99,0.01,TRUE,1,0.0130000000000052
454,199,0.005,TRUE,1,0.0120000000000005
454,999,0.001,TRUE,1,0.0139999999999816
454,4999,2e-04,TRUE,1,0.025999999999982
455,99,0.01,TRUE,1,0.0130000000000052
455,199,0.005,TRUE,1,0.0130000000000052
455,999,0.001,TRUE,1,0.0149999999999864
455,4999,2e-04,TRUE,1,0.0269999999999868
456,99,0.01,TRUE,1,0.0110000000000241
456,199,0.005,TRUE,1,0.0109999999999957
456,999,0.001,TRUE,1,0.0149999999999864
456,4999,2e-04,TRUE,1,0.0279999999999916
457,99,0.01,TRUE,1,0.0130000000000052
457,199,0.005,TRUE,1,0.0139999999999816
457,999,0.001,TRUE,1,0.0159999999999911
457,4999,2e-04,TRUE,1,0.0270000000000152
458,99,0.01,TRUE,2,0.0130000000000052
458,199,0.005,TRUE,2,0.0120000000000005
458,999,0.001,TRUE,2,0.0149999999999864
458,4999,2e-04,TRUE,2,0.0260000000000105
459,99,0.01,TRUE,2,0.0120000000000005
459,199,0.005,TRUE,2,0.0120000000000005
459,999,0.001,TRUE,2,0.0149999999999864
459,4999,2e-04,TRUE,2,0.0269999999999868
460,99,0.01,TRUE,0,0.0109999999999957
460,199,0.005,TRUE,0,0.0120000000000005
460,999,0.001,TRUE,0,0.0150000000000148
460,4999,0.001,TRUE,0,0.0260000000000105
461,99,0.01,TRUE,3,0.0129999999999768
461,199,0.005,TRUE,3,0.0120000000000005
461,999,0.001,TRUE,3,0.0160000000000196
461,4999,2e-04,TRUE,3,0.0289999999999964
462,99,0.01,TRUE,1,0.0120000000000005
462,199,0.005,TRUE,1,0.0130000000000052
462,999,0.001,TRUE,1,0.01400000000001
462,4999,2e-04,TRUE,1,0.0270000000000152
463,99,0.01,TRUE,1,0.0130000000000052
463,199,0.005,TRUE,1,0.0129999999999768
463,999,0.001,TRUE,1,0.0169999999999959
463,4999,2e-04,TRUE,1,0.0269999999999868
464,99,0.01,TRUE,1,0.0129999999999768
464,199,0.005,TRUE,1,0.0130000000000052
464,999,0.001,TRUE,1,0.0160000000000196
464,4999,2e-04,TRUE,1,0.02800000000002
465,99,0.01,TRUE,1,0.0130000000000052
465,199,0.005,TRUE,1,0.0120000000000005
465,999,0.002,TRUE,1,0.0149999999999864
465,4999,4e-04,TRUE,1,0.0269999999999868
466,99,0.01,TRUE,2,0.0120000000000005
466,199,0.005,TRUE,2,0.0440000000000111
466,999,0.001,TRUE,2,0.0149999999999864
466,4999,2e-04,TRUE,2,0.025999999999982
467,99,0.01,TRUE,1,0.0120000000000005
467,199,0.005,TRUE,1,0.0130000000000052
467,999,0.001,TRUE,1,0.0149999999999864
467,4999,2e-04,TRUE,1,0.0279999999999916
468,99,0.01,TRUE,0,0.0139999999999816
468,199,0.005,TRUE,0,0.0130000000000052
468,999,0.001,TRUE,0,0.0150000000000148
468,4999,2e-04,TRUE,0,0.025999999999982
469,99,0.01,TRUE,0,0.0120000000000005
469,199,0.005,TRUE,0,0.0120000000000005
469,999,0.001,TRUE,0,0.0139999999999816
469,4999,2e-04,TRUE,0,0.0269999999999868
470,99,0.01,TRUE,1,0.0120000000000005
470,199,0.005,TRUE,1,0.0120000000000005
470,999,0.001,TRUE,1,0.0149999999999864
470,4999,2e-04,TRUE,1,0.0269999999999868
471,99,0.01,TRUE,4,0.0129999999999768
471,199,0.005,TRUE,4,0.0130000000000052
471,999,0.001,TRUE,4,0.0149999999999864
471,4999,2e-04,TRUE,4,0.0269999999999868
472,99,0.02,TRUE,0,0.0120000000000005
472,199,0.025,TRUE,0,0.0120000000000005
472,999,0.007,TRUE,0,0.01400000000001
472,4999,0.0116,TRUE,0,0.0260000000000105
473,99,0.01,TRUE,2,0.0110000000000241
473,199,0.005,TRUE,2,0.0109999999999957
473,999,0.001,TRUE,2,0.0139999999999816
473,4999,2e-04,TRUE,2,0.025999999999982
474,99,0.01,TRUE,0,0.0120000000000005
474,199,0.005,TRUE,0,0.0120000000000005
474,999,0.001,TRUE,0,0.0150000000000148
474,4999,2e-04,TRUE,0,0.0260000000000105
475,99,0.01,TRUE,0,0.0120000000000005
475,199,0.005,TRUE,0,0.0120000000000005
475,999,0.002,TRUE,0,0.0150000000000148
475,4999,0.0016,TRUE,0,0.02800000000002
476,99,0.01,TRUE,0,0.0109999999999957
476,199,0.005,TRUE,0,0.0120000000000005
476,999,0.004,TRUE,0,0.0150000000000148
476,4999,0.0016,TRUE,0,0.0260000000000105
477,99,0.01,TRUE,1,0.0120000000000005
477,199,0.005,TRUE,1,0.0129999999999768
477,999,0.001,TRUE,1,0.01400000000001
477,4999,2e-04,TRUE,1,0.0260000000000105
478,99,0.01,TRUE,1,0.0130000000000052
478,199,0.005,TRUE,1,0.0130000000000052
478,999,0.001,TRUE,1,0.0150000000000148
478,4999,2e-04,TRUE,1,0.0270000000000152
479,99,0.01,TRUE,1,0.0109999999999957
479,199,0.005,TRUE,1,0.0120000000000005
479,999,0.001,TRUE,1,0.01400000000001
479,4999,2e-04,TRUE,1,0.0260000000000105
480,99,0.01,TRUE,1,0.0120000000000005
480,199,0.005,TRUE,1,0.0120000000000005
480,999,0.001,TRUE,1,0.0139999999999816
480,4999,4e-04,TRUE,1,0.025999999999982
481,99,0.01,TRUE,0,0.0109999999999957
481,199,0.005,TRUE,0,0.0130000000000052
481,999,0.001,TRUE,0,0.0149999999999864
481,4999,6e-04,TRUE,0,0.0279999999999916
482,99,0.01,TRUE,2,0.0129999999999768
482,199,0.005,TRUE,2,0.0120000000000005
482,999,0.001,TRUE,2,0.01400000000001
482,4999,2e-04,TRUE,2,0.0269999999999868
483,99,0.01,TRUE,3,0.0120000000000005
483,199,0.005,TRUE,3,0.0130000000000052
483,999,0.001,TRUE,3,0.0159999999999911
483,4999,2e-04,TRUE,3,0.0270000000000152
484,99,0.01,TRUE,2,0.0120000000000005
484,199,0.005,TRUE,2,0.0120000000000005
484,999,0.001,TRUE,2,0.0150000000000148
484,4999,2e-04,TRUE,2,0.0279999999999916
485,99,0.01,TRUE,2,0.01400000000001
485,199,0.005,TRUE,2,0.0130000000000052
485,999,0.001,TRUE,2,0.0199999999999818
485,4999,2e-04,TRUE,2,0.0279999999999916
486,99,0.01,TRUE,2,0.0120000000000005
486,199,0.005,TRUE,2,0.0120000000000005
486,999,0.001,TRUE,2,0.0160000000000196
486,4999,2e-04,TRUE,2,0.0270000000000152
487,99,0.01,TRUE,1,0.0120000000000005
487,199,0.005,TRUE,1,0.0120000000000005
487,999,0.001,TRUE,1,0.01400000000001
487,4999,2e-04,TRUE,1,0.0260000000000105
488,99,0.01,TRUE,2,0.0129999999999768
488,199,0.005,TRUE,2,0.0130000000000052
488,999,0.001,TRUE,2,0.0160000000000196
488,4999,2e-04,TRUE,2,0.0289999999999964
489,99,0.01,TRUE,1,0.0130000000000052
489,199,0.005,TRUE,1,0.0120000000000005
489,999,0.001,TRUE,1,0.0149999999999864
489,4999,2e-04,TRUE,1,0.0269999999999868
490,99,0.01,TRUE,1,0.0120000000000005
490,199,0.005,TRUE,1,0.0130000000000052
490,999,0.001,TRUE,1,0.0149999999999864
490,4999,2e-04,TRUE,1,0.0269999999999868
491,99,0.01,TRUE,2,0.0110000000000241
491,199,0.005,TRUE,2,0.0120000000000005
491,999,0.001,TRUE,2,0.0139999999999816
491,4999,2e-04,TRUE,2,0.0269999999999868
492,99,0.01,TRUE,0,0.0129999999999768
492,199,0.005,TRUE,0,0.0130000000000052
492,999,0.001,TRUE,0,0.0150000000000148
492,4999,2e-04,TRUE,0,0.0260000000000105
493,99,0.01,TRUE,3,0.0129999999999768
493,199,0.005,TRUE,3,0.0130000000000052
493,999,0.001,TRUE,3,0.0150000000000148
493,4999,2e-04,TRUE,3,0.02800000000002
494,99,0.02,TRUE,0,0.0120000000000005
494,199,0.015,TRUE,0,0.0120000000000005
494,999,0.008,TRUE,0,0.0150000000000148
494,4999,0.0064,TRUE,0,0.0260000000000105
495,99,0.01,TRUE,2,0.0409999999999968
495,199,0.005,TRUE,2,0.0169999999999959
495,999,0.001,TRUE,2,0.0160000000000196
495,4999,2e-04,TRUE,2,0.0289999999999964
496,99,0.01,TRUE,1,0.0120000000000005
496,199,0.005,TRUE,1,0.0130000000000052
496,999,0.001,TRUE,1,0.0139999999999816
496,4999,2e-04,TRUE,1,0.0269999999999868
497,99,0.01,TRUE,1,0.0120000000000005
497,199,0.005,TRUE,1,0.0120000000000005
497,999,0.001,TRUE,1,0.0149999999999864
497,4999,2e-04,TRUE,1,0.0260000000000105
498,99,0.01,TRUE,1,0.0130000000000052
498,199,0.005,TRUE,1,0.0120000000000005
498,999,0.001,TRUE,1,0.0149999999999864
498,4999,2e-04,TRUE,1,0.0269999999999868
499,99,0.03,TRUE,1,0.0120000000000005
499,199,0.01,TRUE,1,0.0120000000000005
499,999,0.006,TRUE,1,0.0139999999999816
499,4999,0.0074,TRUE,1,0.0260000000000105
500,99,0.01,TRUE,3,0.0109999999999957
500,199,0.005,TRUE,3,0.0120000000000005
500,999,0.001,TRUE,3,0.01400000000001
500,4999,2e-04,TRUE,3,0.0249999999999773
